"dot_number","company_name","state","citation_year","dr_fitness_viols","vh_maint_viols","total_inspections","violation_type","violation_feature"
"711125","TRANSPORTADORA NORTE DE CHIHUAHUA S A DE C V","TX","2026","173","3085","1625","Driver and Vehicle Compliance Documentation","FileFlo tracks driver qualification files, medical certificates, vehicle inspection records, and maintenance logs -- everything an FMCSA auditor looks for, organized and current."
"511412","WESTERN EXPRESS INC","CA","2026","22","2345","1355","Driver and Vehicle Compliance Documentation","FileFlo tracks driver qualification files, medical certificates, vehicle inspection records, and maintenance logs -- everything an FMCSA auditor looks for, organized and current."
"38111","EVANS DELIVERY COMPANY INC","TX","2026","36","2198","851","Driver and Vehicle Compliance Documentation","FileFlo tracks driver qualification files, medical certificates, vehicle inspection records, and maintenance logs -- everything an FMCSA auditor looks for, organized and current."
"2196912","TEXAS INTERNATIONAL ENTERPRISES INC","TX","2026","41","1593","558","Driver and Vehicle Compliance Documentation","FileFlo tracks driver qualification files, medical certificates, vehicle inspection records, and maintenance logs -- everything an FMCSA auditor looks for, organized and current."
"690147","GULF WINDS INTERNATIONAL INC","TX","2026","13","1294","565","Driver and Vehicle Compliance Documentation","FileFlo tracks driver qualification files, medical certificates, vehicle inspection records, and maintenance logs -- everything an FMCSA auditor looks for, organized and current."
"1738904","SMYRNA READY MIX CONCRETE LLC","TX","2026","22","1074","489","Driver and Vehicle Compliance Documentation","FileFlo tracks driver qualification files, medical certificates, vehicle inspection records, and maintenance logs -- everything an FMCSA auditor looks for, organized and current."
"1877140","SELECT DEDICATED SOLUTIONS LLC","TX","2026","55","976","516","Driver and Vehicle Compliance Documentation","FileFlo tracks driver qualification files, medical certificates, vehicle inspection records, and maintenance logs -- everything an FMCSA auditor looks for, organized and current."
"354406","FIRST STUDENT INC","CA","2026","1","956","782","Driver and Vehicle Compliance Documentation","FileFlo tracks driver qualification files, medical certificates, vehicle inspection records, and maintenance logs -- everything an FMCSA auditor looks for, organized and current."
"50484","PRICE TRANSFER INC","CA","2026","0","927","576","Vehicle Inspection and Maintenance Records","FileFlo tracks annual inspection certificates, DVIR records, and maintenance logs for every vehicle in your fleet with automatic renewal alerts."
"92693","BENNETT MOTOR EXPRESS LLC","TX","2026","7","895","407","Driver and Vehicle Compliance Documentation","FileFlo tracks driver qualification files, medical certificates, vehicle inspection records, and maintenance logs -- everything an FMCSA auditor looks for, organized and current."
"469756","KAG ENERGY LLC","TX","2026","7","871","450","Driver and Vehicle Compliance Documentation","FileFlo tracks driver qualification files, medical certificates, vehicle inspection records, and maintenance logs -- everything an FMCSA auditor looks for, organized and current."
"661173","CENTRAL TRANSPORT LLC","CA","2026","19","853","511","Driver and Vehicle Compliance Documentation","FileFlo tracks driver qualification files, medical certificates, vehicle inspection records, and maintenance logs -- everything an FMCSA auditor looks for, organized and current."
"3706","NEW PRIME INC","CA","2026","29","838","648","Driver and Vehicle Compliance Documentation","FileFlo tracks driver qualification files, medical certificates, vehicle inspection records, and maintenance logs -- everything an FMCSA auditor looks for, organized and current."
"3300200","ELITE FREIGHTWAYS LLC","TX","2026","9","852","296","Driver and Vehicle Compliance Documentation","FileFlo tracks driver qualification files, medical certificates, vehicle inspection records, and maintenance logs -- everything an FMCSA auditor looks for, organized and current."
"52767","ACME TRUCK LINE INC","TX","2026","8","852","307","Driver and Vehicle Compliance Documentation","FileFlo tracks driver qualification files, medical certificates, vehicle inspection records, and maintenance logs -- everything an FMCSA auditor looks for, organized and current."
"53773","CRST EXPEDITED INC","CA","2026","8","830","531","Driver and Vehicle Compliance Documentation","FileFlo tracks driver qualification files, medical certificates, vehicle inspection records, and maintenance logs -- everything an FMCSA auditor looks for, organized and current."
"303024","US XPRESS INC","FL","2026","9","801","543","Driver and Vehicle Compliance Documentation","FileFlo tracks driver qualification files, medical certificates, vehicle inspection records, and maintenance logs -- everything an FMCSA auditor looks for, organized and current."
"286600","UV LOGISTICS LLC","TX","2026","2","807","320","Driver and Vehicle Compliance Documentation","FileFlo tracks driver qualification files, medical certificates, vehicle inspection records, and maintenance logs -- everything an FMCSA auditor looks for, organized and current."
"2203204","TEXAS CHROME TRANSPORT INC","TX","2026","7","797","200","Driver and Vehicle Compliance Documentation","FileFlo tracks driver qualification files, medical certificates, vehicle inspection records, and maintenance logs -- everything an FMCSA auditor looks for, organized and current."
"1747093","NATIONAL DRAYAGE SERVICES DE LLC","TX","2026","4","782","266","Driver and Vehicle Compliance Documentation","FileFlo tracks driver qualification files, medical certificates, vehicle inspection records, and maintenance logs -- everything an FMCSA auditor looks for, organized and current."
"1582957","BALI EXPRESS SERVICES INC","CA","2026","22","760","416","Driver and Vehicle Compliance Documentation","FileFlo tracks driver qualification files, medical certificates, vehicle inspection records, and maintenance logs -- everything an FMCSA auditor looks for, organized and current."
"292991","IMC LOGISTICS LLC","CA","2026","2","731","376","Driver and Vehicle Compliance Documentation","FileFlo tracks driver qualification files, medical certificates, vehicle inspection records, and maintenance logs -- everything an FMCSA auditor looks for, organized and current."
"3601721","TOP NOTCH TRANSIT LLC","TX","2026","7","723","162","Driver and Vehicle Compliance Documentation","FileFlo tracks driver qualification files, medical certificates, vehicle inspection records, and maintenance logs -- everything an FMCSA auditor looks for, organized and current."
"63391","GREENWOOD MOTOR LINES INC","CA","2026","9","697","485","Driver and Vehicle Compliance Documentation","FileFlo tracks driver qualification files, medical certificates, vehicle inspection records, and maintenance logs -- everything an FMCSA auditor looks for, organized and current."
"3294766","HLH LOGISTICS INC","TX","2025","0","670","178","Vehicle Inspection and Maintenance Records","FileFlo tracks annual inspection certificates, DVIR records, and maintenance logs for every vehicle in your fleet with automatic renewal alerts."
"92261","AAA COOPER TRANSPORTATION","TX","2026","15","647","373","Driver and Vehicle Compliance Documentation","FileFlo tracks driver qualification files, medical certificates, vehicle inspection records, and maintenance logs -- everything an FMCSA auditor looks for, organized and current."
"386083","WASTE MANAGEMENT OF TEXAS INC","TX","2026","10","644","310","Driver and Vehicle Compliance Documentation","FileFlo tracks driver qualification files, medical certificates, vehicle inspection records, and maintenance logs -- everything an FMCSA auditor looks for, organized and current."
"2126272","WINDSTAR TRUCKING LLC","TX","2026","26","607","359","Driver and Vehicle Compliance Documentation","FileFlo tracks driver qualification files, medical certificates, vehicle inspection records, and maintenance logs -- everything an FMCSA auditor looks for, organized and current."
"28406","C R ENGLAND INC","CA","2026","10","620","465","Driver and Vehicle Compliance Documentation","FileFlo tracks driver qualification files, medical certificates, vehicle inspection records, and maintenance logs -- everything an FMCSA auditor looks for, organized and current."
"2490721","FORZA TRANSPORTATION SERVICES INC","CA","2026","64","565","404","Driver and Vehicle Compliance Documentation","FileFlo tracks driver qualification files, medical certificates, vehicle inspection records, and maintenance logs -- everything an FMCSA auditor looks for, organized and current."
"3162922","FJ CARRIER LOGISTICS LLC","TX","2026","40","582","281","Driver and Vehicle Compliance Documentation","FileFlo tracks driver qualification files, medical certificates, vehicle inspection records, and maintenance logs -- everything an FMCSA auditor looks for, organized and current."
"2365308","RTS HOLDINGS LLC","CA","2026","2","616","283","Driver and Vehicle Compliance Documentation","FileFlo tracks driver qualification files, medical certificates, vehicle inspection records, and maintenance logs -- everything an FMCSA auditor looks for, organized and current."
"1041459","SOUTHERN STAR TRANSPORT LTD","TX","2026","3","612","244","Driver and Vehicle Compliance Documentation","FileFlo tracks driver qualification files, medical certificates, vehicle inspection records, and maintenance logs -- everything an FMCSA auditor looks for, organized and current."
"2432943","JW PARKER INC","TX","2026","21","592","151","Driver and Vehicle Compliance Documentation","FileFlo tracks driver qualification files, medical certificates, vehicle inspection records, and maintenance logs -- everything an FMCSA auditor looks for, organized and current."
"3055122","MAX CARGO LLC","TX","2026","15","583","201","Driver and Vehicle Compliance Documentation","FileFlo tracks driver qualification files, medical certificates, vehicle inspection records, and maintenance logs -- everything an FMCSA auditor looks for, organized and current."
"899748","UNITED RENTALS NORTH AMERICA INC","CA","2026","20","576","333","Driver and Vehicle Compliance Documentation","FileFlo tracks driver qualification files, medical certificates, vehicle inspection records, and maintenance logs -- everything an FMCSA auditor looks for, organized and current."
"3057362","GONCO LOGISTICS LLC","TX","2026","85","504","124","Driver and Vehicle Compliance Documentation","FileFlo tracks driver qualification files, medical certificates, vehicle inspection records, and maintenance logs -- everything an FMCSA auditor looks for, organized and current."
"27641","WILLIAMS BROTHERS CONSTRUCTION CO INC","TX","2026","9","579","242","Driver and Vehicle Compliance Documentation","FileFlo tracks driver qualification files, medical certificates, vehicle inspection records, and maintenance logs -- everything an FMCSA auditor looks for, organized and current."
"2902337","EBT LOGISTICS INC","TX","2026","37","544","290","Driver and Vehicle Compliance Documentation","FileFlo tracks driver qualification files, medical certificates, vehicle inspection records, and maintenance logs -- everything an FMCSA auditor looks for, organized and current."
"3195397","COVENANT TRUCKING LLC","TX","2026","4","571","138","Driver and Vehicle Compliance Documentation","FileFlo tracks driver qualification files, medical certificates, vehicle inspection records, and maintenance logs -- everything an FMCSA auditor looks for, organized and current."
"2128019","DX XPRESS INC","TX","2026","21","551","306","Driver and Vehicle Compliance Documentation","FileFlo tracks driver qualification files, medical certificates, vehicle inspection records, and maintenance logs -- everything an FMCSA auditor looks for, organized and current."
"739235","ROOFLINE INC","CA","2026","16","549","347","Driver and Vehicle Compliance Documentation","FileFlo tracks driver qualification files, medical certificates, vehicle inspection records, and maintenance logs -- everything an FMCSA auditor looks for, organized and current."
"388886","STATEWIDE TRUCKING CORP","TX","2026","2","561","181","Driver and Vehicle Compliance Documentation","FileFlo tracks driver qualification files, medical certificates, vehicle inspection records, and maintenance logs -- everything an FMCSA auditor looks for, organized and current."
"1014498","RIG RUNNERS LLC","TX","2026","6","556","216","Driver and Vehicle Compliance Documentation","FileFlo tracks driver qualification files, medical certificates, vehicle inspection records, and maintenance logs -- everything an FMCSA auditor looks for, organized and current."
"76600","QUALITY CARRIERS INC","CA","2026","3","558","334","Driver and Vehicle Compliance Documentation","FileFlo tracks driver qualification files, medical certificates, vehicle inspection records, and maintenance logs -- everything an FMCSA auditor looks for, organized and current."
"1643659","915 HAULER INC","TX","2026","10","546","116","Driver and Vehicle Compliance Documentation","FileFlo tracks driver qualification files, medical certificates, vehicle inspection records, and maintenance logs -- everything an FMCSA auditor looks for, organized and current."
"2195271","CROSS INTEGRATED TRANSPORT LLC","CA","2026","61","492","245","Driver and Vehicle Compliance Documentation","FileFlo tracks driver qualification files, medical certificates, vehicle inspection records, and maintenance logs -- everything an FMCSA auditor looks for, organized and current."
"2444172","MULHOLLAND ENERGY SERVICES LLC","TX","2026","14","536","174","Driver and Vehicle Compliance Documentation","FileFlo tracks driver qualification files, medical certificates, vehicle inspection records, and maintenance logs -- everything an FMCSA auditor looks for, organized and current."
"74432","MARTEN TRANSPORT LTD","CA","2026","2","548","376","Driver and Vehicle Compliance Documentation","FileFlo tracks driver qualification files, medical certificates, vehicle inspection records, and maintenance logs -- everything an FMCSA auditor looks for, organized and current."
"237997","ALLIED WASTE SYSTEMS INC","TX","2026","13","536","231","Driver and Vehicle Compliance Documentation","FileFlo tracks driver qualification files, medical certificates, vehicle inspection records, and maintenance logs -- everything an FMCSA auditor looks for, organized and current."
"2244717","QFS TRANSPORTATION LLC","TX","2026","5","535","174","Driver and Vehicle Compliance Documentation","FileFlo tracks driver qualification files, medical certificates, vehicle inspection records, and maintenance logs -- everything an FMCSA auditor looks for, organized and current."
"121058","TFORCE FREIGHT INC","CA","2026","12","527","330","Driver and Vehicle Compliance Documentation","FileFlo tracks driver qualification files, medical certificates, vehicle inspection records, and maintenance logs -- everything an FMCSA auditor looks for, organized and current."
"185040","UNITED PETROLEUM TRANSPORTS INC","TX","2026","3","529","235","Driver and Vehicle Compliance Documentation","FileFlo tracks driver qualification files, medical certificates, vehicle inspection records, and maintenance logs -- everything an FMCSA auditor looks for, organized and current."
"2149161","FREIGHT SOLUTIONS LLC","TX","2026","3","529","211","Driver and Vehicle Compliance Documentation","FileFlo tracks driver qualification files, medical certificates, vehicle inspection records, and maintenance logs -- everything an FMCSA auditor looks for, organized and current."
"2976161","SHORELINE ENERGY SERVICES LLC","TX","2025","20","507","90","Driver and Vehicle Compliance Documentation","FileFlo tracks driver qualification files, medical certificates, vehicle inspection records, and maintenance logs -- everything an FMCSA auditor looks for, organized and current."
"2883614","EAGLE RIVER ENERGY SERVICES LLC","TX","2026","1","526","123","Driver and Vehicle Compliance Documentation","FileFlo tracks driver qualification files, medical certificates, vehicle inspection records, and maintenance logs -- everything an FMCSA auditor looks for, organized and current."
"3827862","SHEPHERD ENERGY SERVICES LLC","TX","2026","3","522","120","Driver and Vehicle Compliance Documentation","FileFlo tracks driver qualification files, medical certificates, vehicle inspection records, and maintenance logs -- everything an FMCSA auditor looks for, organized and current."
"801828","HUB GROUP DEDICATED LLC","CA","2026","6","517","363","Driver and Vehicle Compliance Documentation","FileFlo tracks driver qualification files, medical certificates, vehicle inspection records, and maintenance logs -- everything an FMCSA auditor looks for, organized and current."
"688143","STG DRAYAGE LLC","GA","2026","3","520","238","Driver and Vehicle Compliance Documentation","FileFlo tracks driver qualification files, medical certificates, vehicle inspection records, and maintenance logs -- everything an FMCSA auditor looks for, organized and current."
"3234704","TRILLIUM OTR LLC","TX","2026","4","509","86","Driver and Vehicle Compliance Documentation","FileFlo tracks driver qualification files, medical certificates, vehicle inspection records, and maintenance logs -- everything an FMCSA auditor looks for, organized and current."
"1817038","JOSE DE JESUS BERNAL RINCON","TX","2026","7","504","90","Driver and Vehicle Compliance Documentation","FileFlo tracks driver qualification files, medical certificates, vehicle inspection records, and maintenance logs -- everything an FMCSA auditor looks for, organized and current."
"540864","C & K TRUCKING LLC","TX","2026","3","507","190","Driver and Vehicle Compliance Documentation","FileFlo tracks driver qualification files, medical certificates, vehicle inspection records, and maintenance logs -- everything an FMCSA auditor looks for, organized and current."
"270179","MVT SERVICES LLC","CA","2026","13","495","321","Driver and Vehicle Compliance Documentation","FileFlo tracks driver qualification files, medical certificates, vehicle inspection records, and maintenance logs -- everything an FMCSA auditor looks for, organized and current."
"2500795","MC7 TRANSIT LLC","TX","2026","8","498","109","Driver and Vehicle Compliance Documentation","FileFlo tracks driver qualification files, medical certificates, vehicle inspection records, and maintenance logs -- everything an FMCSA auditor looks for, organized and current."
"3521987","TEXAS ELITE HAULING SERVICES INC","TX","2026","0","498","159","Vehicle Inspection and Maintenance Records","FileFlo tracks annual inspection certificates, DVIR records, and maintenance logs for every vehicle in your fleet with automatic renewal alerts."
"1243338","P&S TRANSPORTATION LLC","TX","2026","5","491","268","Driver and Vehicle Compliance Documentation","FileFlo tracks driver qualification files, medical certificates, vehicle inspection records, and maintenance logs -- everything an FMCSA auditor looks for, organized and current."
"2871129","TROPHY TRUCKING SERVICES LLC","TX","2026","6","490","168","Driver and Vehicle Compliance Documentation","FileFlo tracks driver qualification files, medical certificates, vehicle inspection records, and maintenance logs -- everything an FMCSA auditor looks for, organized and current."
"995244","PRO FIELD SERVICES INC","TX","2026","0","494","83","Vehicle Inspection and Maintenance Records","FileFlo tracks annual inspection certificates, DVIR records, and maintenance logs for every vehicle in your fleet with automatic renewal alerts."
"3105922","HAIRPIN TRUCKING LLC","TX","2025","9","483","112","Driver and Vehicle Compliance Documentation","FileFlo tracks driver qualification files, medical certificates, vehicle inspection records, and maintenance logs -- everything an FMCSA auditor looks for, organized and current."
"328103","QUANTIX LIQUID TRANSPORTATION INC","TX","2026","1","480","206","Driver and Vehicle Compliance Documentation","FileFlo tracks driver qualification files, medical certificates, vehicle inspection records, and maintenance logs -- everything an FMCSA auditor looks for, organized and current."
"251000","AMERICAN BUILDERS & CONTRACTORS SUPPLY CO INC","CA","2026","11","466","277","Driver and Vehicle Compliance Documentation","FileFlo tracks driver qualification files, medical certificates, vehicle inspection records, and maintenance logs -- everything an FMCSA auditor looks for, organized and current."
"3328258","SISU ENERGY LLC","TX","2026","6","467","130","Driver and Vehicle Compliance Documentation","FileFlo tracks driver qualification files, medical certificates, vehicle inspection records, and maintenance logs -- everything an FMCSA auditor looks for, organized and current."
"154712","MERCER TRANSPORTATION CO INC","CA","2026","9","460","266","Driver and Vehicle Compliance Documentation","FileFlo tracks driver qualification files, medical certificates, vehicle inspection records, and maintenance logs -- everything an FMCSA auditor looks for, organized and current."
"168705","CAL-MEX INTERNATIONAL BROKER INC","CA","2026","2","464","242","Driver and Vehicle Compliance Documentation","FileFlo tracks driver qualification files, medical certificates, vehicle inspection records, and maintenance logs -- everything an FMCSA auditor looks for, organized and current."
"87409","ANNETT HOLDINGS INC","FL","2026","12","453","316","Driver and Vehicle Compliance Documentation","FileFlo tracks driver qualification files, medical certificates, vehicle inspection records, and maintenance logs -- everything an FMCSA auditor looks for, organized and current."
"3767834","PAPALI LOGISTICS LLC","TX","2026","14","451","187","Driver and Vehicle Compliance Documentation","FileFlo tracks driver qualification files, medical certificates, vehicle inspection records, and maintenance logs -- everything an FMCSA auditor looks for, organized and current."
"388467","BEEMAC INC","TX","2026","6","457","180","Driver and Vehicle Compliance Documentation","FileFlo tracks driver qualification files, medical certificates, vehicle inspection records, and maintenance logs -- everything an FMCSA auditor looks for, organized and current."
"1936157","STATEWIDE MATERIALSTRANSPORT LEASING LTD","TX","2026","2","458","169","Driver and Vehicle Compliance Documentation","FileFlo tracks driver qualification files, medical certificates, vehicle inspection records, and maintenance logs -- everything an FMCSA auditor looks for, organized and current."
"2064518","E & R TRANSPORTATION INC","CA","2026","9","449","280","Driver and Vehicle Compliance Documentation","FileFlo tracks driver qualification files, medical certificates, vehicle inspection records, and maintenance logs -- everything an FMCSA auditor looks for, organized and current."
"840183","WASTE CONNECTIONS LONE STAR INC","TX","2026","5","447","199","Driver and Vehicle Compliance Documentation","FileFlo tracks driver qualification files, medical certificates, vehicle inspection records, and maintenance logs -- everything an FMCSA auditor looks for, organized and current."
"387102","MR BULT'S INC","NY","2026","8","442","208","Driver and Vehicle Compliance Documentation","FileFlo tracks driver qualification files, medical certificates, vehicle inspection records, and maintenance logs -- everything an FMCSA auditor looks for, organized and current."
"627215","INGRAM READYMIX INC","TX","2026","5","443","184","Driver and Vehicle Compliance Documentation","FileFlo tracks driver qualification files, medical certificates, vehicle inspection records, and maintenance logs -- everything an FMCSA auditor looks for, organized and current."
"3343091","BUOYANT ENERGY LLC","TX","2026","11","433","103","Driver and Vehicle Compliance Documentation","FileFlo tracks driver qualification files, medical certificates, vehicle inspection records, and maintenance logs -- everything an FMCSA auditor looks for, organized and current."
"692947","NEW BERN TRANSPORT CORPORATION","CA","2026","17","423","296","Driver and Vehicle Compliance Documentation","FileFlo tracks driver qualification files, medical certificates, vehicle inspection records, and maintenance logs -- everything an FMCSA auditor looks for, organized and current."
"180743","CLEAN HARBORS ENVIRONMENTAL SERVICES INC","CA","2026","5","429","255","Driver and Vehicle Compliance Documentation","FileFlo tracks driver qualification files, medical certificates, vehicle inspection records, and maintenance logs -- everything an FMCSA auditor looks for, organized and current."
"1675050","LA JOYA TRUCKING LLC","TX","2026","7","426","143","Driver and Vehicle Compliance Documentation","FileFlo tracks driver qualification files, medical certificates, vehicle inspection records, and maintenance logs -- everything an FMCSA auditor looks for, organized and current."
"299712","AIRGAS USA LLC","CA","2026","12","421","311","Driver and Vehicle Compliance Documentation","FileFlo tracks driver qualification files, medical certificates, vehicle inspection records, and maintenance logs -- everything an FMCSA auditor looks for, organized and current."
"2422693","SALINAS TRANSPORT LLC","TX","2026","5","427","154","Driver and Vehicle Compliance Documentation","FileFlo tracks driver qualification files, medical certificates, vehicle inspection records, and maintenance logs -- everything an FMCSA auditor looks for, organized and current."
"2360323","TRADEX LOGISTICS INC","OH","2026","32","397","201","Driver and Vehicle Compliance Documentation","FileFlo tracks driver qualification files, medical certificates, vehicle inspection records, and maintenance logs -- everything an FMCSA auditor looks for, organized and current."
"3793981","INTERGLOBO LOGISTICS NA INC","CA","2025","0","429","268","Vehicle Inspection and Maintenance Records","FileFlo tracks annual inspection certificates, DVIR records, and maintenance logs for every vehicle in your fleet with automatic renewal alerts."
"213641","W W ROWLAND TRUCKING COMPANY LLC","TX","2026","2","426","156","Driver and Vehicle Compliance Documentation","FileFlo tracks driver qualification files, medical certificates, vehicle inspection records, and maintenance logs -- everything an FMCSA auditor looks for, organized and current."
"4381255","SUPLICIUM TRANSPORT LLC","NY","2025","77","347","127","Driver and Vehicle Compliance Documentation","FileFlo tracks driver qualification files, medical certificates, vehicle inspection records, and maintenance logs -- everything an FMCSA auditor looks for, organized and current."
"3537190","ES EXPRESS LLC","TX","2026","6","417","108","Driver and Vehicle Compliance Documentation","FileFlo tracks driver qualification files, medical certificates, vehicle inspection records, and maintenance logs -- everything an FMCSA auditor looks for, organized and current."
"1750006","ATS OPERATIONS LLC","TX","2026","11","410","132","Driver and Vehicle Compliance Documentation","FileFlo tracks driver qualification files, medical certificates, vehicle inspection records, and maintenance logs -- everything an FMCSA auditor looks for, organized and current."
"2110838","TEXAN CONCRETE ENTERPRISE READY MIX INC","TX","2026","5","413","135","Driver and Vehicle Compliance Documentation","FileFlo tracks driver qualification files, medical certificates, vehicle inspection records, and maintenance logs -- everything an FMCSA auditor looks for, organized and current."
"3054957","BELCON LOGISTICS LLC","TX","2026","39","379","113","Driver and Vehicle Compliance Documentation","FileFlo tracks driver qualification files, medical certificates, vehicle inspection records, and maintenance logs -- everything an FMCSA auditor looks for, organized and current."
"191496","CARDINAL LOGISTICS MANAGEMENT CORPORATION","FL","2026","16","401","252","Driver and Vehicle Compliance Documentation","FileFlo tracks driver qualification files, medical certificates, vehicle inspection records, and maintenance logs -- everything an FMCSA auditor looks for, organized and current."
"2563169","JL XPRESS INC","CA","2026","2","410","189","Driver and Vehicle Compliance Documentation","FileFlo tracks driver qualification files, medical certificates, vehicle inspection records, and maintenance logs -- everything an FMCSA auditor looks for, organized and current."
"63585","WAL-MART TRANSPORTATION LLC","FL","2026","13","398","355","Driver and Vehicle Compliance Documentation","FileFlo tracks driver qualification files, medical certificates, vehicle inspection records, and maintenance logs -- everything an FMCSA auditor looks for, organized and current."
"273818","COVENANT TRANSPORT LLC","CA","2026","0","407","271","Vehicle Inspection and Maintenance Records","FileFlo tracks annual inspection certificates, DVIR records, and maintenance logs for every vehicle in your fleet with automatic renewal alerts."
"2872634","PLATINUM 21 LOGISTICS LLC","TX","2026","0","405","101","Vehicle Inspection and Maintenance Records","FileFlo tracks annual inspection certificates, DVIR records, and maintenance logs for every vehicle in your fleet with automatic renewal alerts."
"3141234","EXPLORE TRADING LLC","TX","2026","4","399","120","Driver and Vehicle Compliance Documentation","FileFlo tracks driver qualification files, medical certificates, vehicle inspection records, and maintenance logs -- everything an FMCSA auditor looks for, organized and current."
"1151128","ORANGE AVENUE EXPRESS INC","CA","2025","0","402","272","Vehicle Inspection and Maintenance Records","FileFlo tracks annual inspection certificates, DVIR records, and maintenance logs for every vehicle in your fleet with automatic renewal alerts."
"3819283","FORGELINE LOGISTICS LLC","TX","2026","1","397","106","Driver and Vehicle Compliance Documentation","FileFlo tracks driver qualification files, medical certificates, vehicle inspection records, and maintenance logs -- everything an FMCSA auditor looks for, organized and current."
"3258648","JLT EXPRESS LLC","TX","2026","5","387","181","Driver and Vehicle Compliance Documentation","FileFlo tracks driver qualification files, medical certificates, vehicle inspection records, and maintenance logs -- everything an FMCSA auditor looks for, organized and current."
"1706438","MAERSK WAREHOUSING & DISTRIBUTION SERVICES USA LLC","TX","2026","7","381","135","Driver and Vehicle Compliance Documentation","FileFlo tracks driver qualification files, medical certificates, vehicle inspection records, and maintenance logs -- everything an FMCSA auditor looks for, organized and current."
"3456262","TRIPLE AD ENTERPRISES LLC","TX","2026","6","377","42","Driver and Vehicle Compliance Documentation","FileFlo tracks driver qualification files, medical certificates, vehicle inspection records, and maintenance logs -- everything an FMCSA auditor looks for, organized and current."
"2109235","LORAS TRUCKING INC","CA","2026","2","381","184","Driver and Vehicle Compliance Documentation","FileFlo tracks driver qualification files, medical certificates, vehicle inspection records, and maintenance logs -- everything an FMCSA auditor looks for, organized and current."
"2519125","BAYTEX TRANSPORT LLC","TX","2026","11","371","109","Driver and Vehicle Compliance Documentation","FileFlo tracks driver qualification files, medical certificates, vehicle inspection records, and maintenance logs -- everything an FMCSA auditor looks for, organized and current."
"2714701","HOME EXPRESS DELIVERY SERVICE LLC","FL","2026","34","345","230","Driver and Vehicle Compliance Documentation","FileFlo tracks driver qualification files, medical certificates, vehicle inspection records, and maintenance logs -- everything an FMCSA auditor looks for, organized and current."
"2381567","GM OILFIELD AND TRUCKING SERVICES LLC","TX","2026","3","375","84","Driver and Vehicle Compliance Documentation","FileFlo tracks driver qualification files, medical certificates, vehicle inspection records, and maintenance logs -- everything an FMCSA auditor looks for, organized and current."
"1099085","CROWN XPRESS TRANSPORT INC","CA","2026","2","375","214","Driver and Vehicle Compliance Documentation","FileFlo tracks driver qualification files, medical certificates, vehicle inspection records, and maintenance logs -- everything an FMCSA auditor looks for, organized and current."
"3626799","AREN TRUCKING SERVICES INC","TX","2026","5","372","109","Driver and Vehicle Compliance Documentation","FileFlo tracks driver qualification files, medical certificates, vehicle inspection records, and maintenance logs -- everything an FMCSA auditor looks for, organized and current."
"2878088","FORCE LOGISTICS US LLC","TX","2026","3","372","143","Driver and Vehicle Compliance Documentation","FileFlo tracks driver qualification files, medical certificates, vehicle inspection records, and maintenance logs -- everything an FMCSA auditor looks for, organized and current."
"2784777","TRAREYSA LLC","TX","2026","16","358","188","Driver and Vehicle Compliance Documentation","FileFlo tracks driver qualification files, medical certificates, vehicle inspection records, and maintenance logs -- everything an FMCSA auditor looks for, organized and current."
"2294744","DMD 21 TRUCKING LLC","TX","2026","0","372","95","Vehicle Inspection and Maintenance Records","FileFlo tracks annual inspection certificates, DVIR records, and maintenance logs for every vehicle in your fleet with automatic renewal alerts."
"3020065","TEX SAND TRANSPORT LLC","TX","2026","4","367","132","Driver and Vehicle Compliance Documentation","FileFlo tracks driver qualification files, medical certificates, vehicle inspection records, and maintenance logs -- everything an FMCSA auditor looks for, organized and current."
"1965629","N & B WELL SERVICE LLC","TX","2025","2","369","69","Driver and Vehicle Compliance Documentation","FileFlo tracks driver qualification files, medical certificates, vehicle inspection records, and maintenance logs -- everything an FMCSA auditor looks for, organized and current."
"2090084","JOE AND JON HILDEBRAND BROTHERS INC","CA","2026","4","363","146","Driver and Vehicle Compliance Documentation","FileFlo tracks driver qualification files, medical certificates, vehicle inspection records, and maintenance logs -- everything an FMCSA auditor looks for, organized and current."
"2283400","WEITSMAN RECYCLING LLC","NY","2026","0","366","158","Vehicle Inspection and Maintenance Records","FileFlo tracks annual inspection certificates, DVIR records, and maintenance logs for every vehicle in your fleet with automatic renewal alerts."
"387401","TEXAS TRANSEASTERN INC","TX","2026","1","365","184","Driver and Vehicle Compliance Documentation","FileFlo tracks driver qualification files, medical certificates, vehicle inspection records, and maintenance logs -- everything an FMCSA auditor looks for, organized and current."
"600382","BENNETT TRUCK TRANSPORT LLC","TX","2026","10","354","192","Driver and Vehicle Compliance Documentation","FileFlo tracks driver qualification files, medical certificates, vehicle inspection records, and maintenance logs -- everything an FMCSA auditor looks for, organized and current."
"2011161","JFG INTERNATIONAL INC","CA","2026","6","357","206","Driver and Vehicle Compliance Documentation","FileFlo tracks driver qualification files, medical certificates, vehicle inspection records, and maintenance logs -- everything an FMCSA auditor looks for, organized and current."
"2940303","TEXCON HOLDINGS INC","TX","2026","4","359","129","Driver and Vehicle Compliance Documentation","FileFlo tracks driver qualification files, medical certificates, vehicle inspection records, and maintenance logs -- everything an FMCSA auditor looks for, organized and current."
"589266","CALIFORNIA GAS TRANSPORT INC","TX","2026","8","354","161","Driver and Vehicle Compliance Documentation","FileFlo tracks driver qualification files, medical certificates, vehicle inspection records, and maintenance logs -- everything an FMCSA auditor looks for, organized and current."
"2388375","OIL TECH CONSTRUCTION LLC","TX","2026","14","346","77","Driver and Vehicle Compliance Documentation","FileFlo tracks driver qualification files, medical certificates, vehicle inspection records, and maintenance logs -- everything an FMCSA auditor looks for, organized and current."
"369545","SUN COAST RESOURCES LLC","TX","2026","2","356","216","Driver and Vehicle Compliance Documentation","FileFlo tracks driver qualification files, medical certificates, vehicle inspection records, and maintenance logs -- everything an FMCSA auditor looks for, organized and current."
"2273729","SPUR VACUUM TRUCKS LLC","TX","2026","10","348","56","Driver and Vehicle Compliance Documentation","FileFlo tracks driver qualification files, medical certificates, vehicle inspection records, and maintenance logs -- everything an FMCSA auditor looks for, organized and current."
"985416","NORCO CORPORATION","TX","2026","7","349","112","Driver and Vehicle Compliance Documentation","FileFlo tracks driver qualification files, medical certificates, vehicle inspection records, and maintenance logs -- everything an FMCSA auditor looks for, organized and current."
"1537209","NEW LINE TRANSPORT LLC","FL","2025","4","351","162","Driver and Vehicle Compliance Documentation","FileFlo tracks driver qualification files, medical certificates, vehicle inspection records, and maintenance logs -- everything an FMCSA auditor looks for, organized and current."
"759493","HENIFF TRANSPORTATION SYSTEMS LLC","FL","2026","3","350","194","Driver and Vehicle Compliance Documentation","FileFlo tracks driver qualification files, medical certificates, vehicle inspection records, and maintenance logs -- everything an FMCSA auditor looks for, organized and current."
"1058705","TUTLE & TUTLE TRUCKING INC","TX","2026","3","350","108","Driver and Vehicle Compliance Documentation","FileFlo tracks driver qualification files, medical certificates, vehicle inspection records, and maintenance logs -- everything an FMCSA auditor looks for, organized and current."
"3038842","SMVC TRUCKING & LOGISTICS LLC","TX","2026","3","347","63","Driver and Vehicle Compliance Documentation","FileFlo tracks driver qualification files, medical certificates, vehicle inspection records, and maintenance logs -- everything an FMCSA auditor looks for, organized and current."
"179752","PAM TRANSPORT INC","TX","2026","8","340","236","Driver and Vehicle Compliance Documentation","FileFlo tracks driver qualification files, medical certificates, vehicle inspection records, and maintenance logs -- everything an FMCSA auditor looks for, organized and current."
"2020332","TRANCASA USA INC","TX","2026","12","335","189","Driver and Vehicle Compliance Documentation","FileFlo tracks driver qualification files, medical certificates, vehicle inspection records, and maintenance logs -- everything an FMCSA auditor looks for, organized and current."
"1194197","PX TRANSPORTATION INC","TX","2026","1","345","106","Driver and Vehicle Compliance Documentation","FileFlo tracks driver qualification files, medical certificates, vehicle inspection records, and maintenance logs -- everything an FMCSA auditor looks for, organized and current."
"3529504","SALGADO TRANSPORTS LLC","TX","2026","10","336","64","Driver and Vehicle Compliance Documentation","FileFlo tracks driver qualification files, medical certificates, vehicle inspection records, and maintenance logs -- everything an FMCSA auditor looks for, organized and current."
"91805","PILOT TRAVEL CENTERS LLC","FL","2026","3","342","259","Driver and Vehicle Compliance Documentation","FileFlo tracks driver qualification files, medical certificates, vehicle inspection records, and maintenance logs -- everything an FMCSA auditor looks for, organized and current."
"1162977","UNIVERSAL INTERMODAL SERVICES INC","CA","2026","3","341","158","Driver and Vehicle Compliance Documentation","FileFlo tracks driver qualification files, medical certificates, vehicle inspection records, and maintenance logs -- everything an FMCSA auditor looks for, organized and current."
"4329325","AUTO HAUL EXPRESS LLC","OH","2025","63","281","129","Driver and Vehicle Compliance Documentation","FileFlo tracks driver qualification files, medical certificates, vehicle inspection records, and maintenance logs -- everything an FMCSA auditor looks for, organized and current."
"73705","CRETE CARRIER CORPORATION","CA","2026","8","335","246","Driver and Vehicle Compliance Documentation","FileFlo tracks driver qualification files, medical certificates, vehicle inspection records, and maintenance logs -- everything an FMCSA auditor looks for, organized and current."
"3059391","J&M BURNS TRANSPORTATION INC","TX","2026","2","341","109","Driver and Vehicle Compliance Documentation","FileFlo tracks driver qualification files, medical certificates, vehicle inspection records, and maintenance logs -- everything an FMCSA auditor looks for, organized and current."
"728630","FAF LLC","CA","2026","10","331","199","Driver and Vehicle Compliance Documentation","FileFlo tracks driver qualification files, medical certificates, vehicle inspection records, and maintenance logs -- everything an FMCSA auditor looks for, organized and current."
"3273489","MAVERICK LOGISTICS SERVICES LLC","TX","2026","9","331","77","Driver and Vehicle Compliance Documentation","FileFlo tracks driver qualification files, medical certificates, vehicle inspection records, and maintenance logs -- everything an FMCSA auditor looks for, organized and current."
"2557487","MAVERICK EXPRESS CARRIERS LLC","CA","2026","29","309","157","Driver and Vehicle Compliance Documentation","FileFlo tracks driver qualification files, medical certificates, vehicle inspection records, and maintenance logs -- everything an FMCSA auditor looks for, organized and current."
"3928866","TORO OIL HAULERS LLC","TX","2026","3","335","81","Driver and Vehicle Compliance Documentation","FileFlo tracks driver qualification files, medical certificates, vehicle inspection records, and maintenance logs -- everything an FMCSA auditor looks for, organized and current."
"2991683","ESTRADA READY MIX CONCRETE LLC","TX","2026","9","327","94","Driver and Vehicle Compliance Documentation","FileFlo tracks driver qualification files, medical certificates, vehicle inspection records, and maintenance logs -- everything an FMCSA auditor looks for, organized and current."
"3056909","HEARTBREAK TRUCKING LLC","TX","2026","4","332","99","Driver and Vehicle Compliance Documentation","FileFlo tracks driver qualification files, medical certificates, vehicle inspection records, and maintenance logs -- everything an FMCSA auditor looks for, organized and current."
"856351","WASTE MANAGEMENT INC OF FLORIDA","FL","2026","6","329","162","Driver and Vehicle Compliance Documentation","FileFlo tracks driver qualification files, medical certificates, vehicle inspection records, and maintenance logs -- everything an FMCSA auditor looks for, organized and current."
"3364718","GONZALEZ TRUCK LINES LLC","TX","2026","2","333","88","Driver and Vehicle Compliance Documentation","FileFlo tracks driver qualification files, medical certificates, vehicle inspection records, and maintenance logs -- everything an FMCSA auditor looks for, organized and current."
"3585363","GALINDO TRANSPORT LLC","TX","2025","21","312","46","Driver and Vehicle Compliance Documentation","FileFlo tracks driver qualification files, medical certificates, vehicle inspection records, and maintenance logs -- everything an FMCSA auditor looks for, organized and current."
"79466","STEVENS TRANSPORT INC","CA","2026","6","323","214","Driver and Vehicle Compliance Documentation","FileFlo tracks driver qualification files, medical certificates, vehicle inspection records, and maintenance logs -- everything an FMCSA auditor looks for, organized and current."
"4174903","BLESSED TRUCK LLC","TX","2025","49","279","46","Driver and Vehicle Compliance Documentation","FileFlo tracks driver qualification files, medical certificates, vehicle inspection records, and maintenance logs -- everything an FMCSA auditor looks for, organized and current."
"314795","SUNBURST TRUCK LINES INC","TX","2026","6","322","164","Driver and Vehicle Compliance Documentation","FileFlo tracks driver qualification files, medical certificates, vehicle inspection records, and maintenance logs -- everything an FMCSA auditor looks for, organized and current."
"3569121","JAT PARTNER LOGISTICS LLC","TX","2026","8","320","59","Driver and Vehicle Compliance Documentation","FileFlo tracks driver qualification files, medical certificates, vehicle inspection records, and maintenance logs -- everything an FMCSA auditor looks for, organized and current."
"1994664","TRYTIME TRANSPORT LLC","CA","2026","8","320","140","Driver and Vehicle Compliance Documentation","FileFlo tracks driver qualification files, medical certificates, vehicle inspection records, and maintenance logs -- everything an FMCSA auditor looks for, organized and current."
"1941086","BLAIR LOGISTICS LLC","IL","2026","4","323","172","Driver and Vehicle Compliance Documentation","FileFlo tracks driver qualification files, medical certificates, vehicle inspection records, and maintenance logs -- everything an FMCSA auditor looks for, organized and current."
"1609544","SELECT WATER SOLUTIONS LLC","TX","2026","5","321","133","Driver and Vehicle Compliance Documentation","FileFlo tracks driver qualification files, medical certificates, vehicle inspection records, and maintenance logs -- everything an FMCSA auditor looks for, organized and current."
"1741743","ZARO TRANSPORTATION LLC","TX","2026","21","304","179","Driver and Vehicle Compliance Documentation","FileFlo tracks driver qualification files, medical certificates, vehicle inspection records, and maintenance logs -- everything an FMCSA auditor looks for, organized and current."
"2853365","CHAVEZ TRANSPORT INC","CA","2026","4","321","148","Driver and Vehicle Compliance Documentation","FileFlo tracks driver qualification files, medical certificates, vehicle inspection records, and maintenance logs -- everything an FMCSA auditor looks for, organized and current."
"4109527","M REYES TRUCKING LLC","TX","2026","4","320","52","Driver and Vehicle Compliance Documentation","FileFlo tracks driver qualification files, medical certificates, vehicle inspection records, and maintenance logs -- everything an FMCSA auditor looks for, organized and current."
"2355694","SOUTH TEXAS OIL FIELD SOLUTIONS LLC","TX","2026","3","321","84","Driver and Vehicle Compliance Documentation","FileFlo tracks driver qualification files, medical certificates, vehicle inspection records, and maintenance logs -- everything an FMCSA auditor looks for, organized and current."
"276684","SOUTHERN TIER EXPRESS INC","NY","2026","0","324","201","Vehicle Inspection and Maintenance Records","FileFlo tracks annual inspection certificates, DVIR records, and maintenance logs for every vehicle in your fleet with automatic renewal alerts."
"2429612","7G'S TRUCKING INC","TX","2026","1","322","73","Driver and Vehicle Compliance Documentation","FileFlo tracks driver qualification files, medical certificates, vehicle inspection records, and maintenance logs -- everything an FMCSA auditor looks for, organized and current."
"1386339","TIMCO LOGISTICS SYSTEMS LLC","CA","2026","3","317","150","Driver and Vehicle Compliance Documentation","FileFlo tracks driver qualification files, medical certificates, vehicle inspection records, and maintenance logs -- everything an FMCSA auditor looks for, organized and current."
"155682","DS SERVICES OF AMERICA INC","IL","2026","17","302","186","Driver and Vehicle Compliance Documentation","FileFlo tracks driver qualification files, medical certificates, vehicle inspection records, and maintenance logs -- everything an FMCSA auditor looks for, organized and current."
"2439172","HR SERVICES LLC","CA","2026","5","313","171","Driver and Vehicle Compliance Documentation","FileFlo tracks driver qualification files, medical certificates, vehicle inspection records, and maintenance logs -- everything an FMCSA auditor looks for, organized and current."
"41208","UACL LOGISTICS LLC","TX","2026","5","313","130","Driver and Vehicle Compliance Documentation","FileFlo tracks driver qualification files, medical certificates, vehicle inspection records, and maintenance logs -- everything an FMCSA auditor looks for, organized and current."
"2457309","SAMAX EXPRESS INC","TX","2026","11","307","131","Driver and Vehicle Compliance Documentation","FileFlo tracks driver qualification files, medical certificates, vehicle inspection records, and maintenance logs -- everything an FMCSA auditor looks for, organized and current."
"3217037","ODEL LOGISTICS LLC","TX","2026","10","308","134","Driver and Vehicle Compliance Documentation","FileFlo tracks driver qualification files, medical certificates, vehicle inspection records, and maintenance logs -- everything an FMCSA auditor looks for, organized and current."
"282018","FERGUSON ENTERPRISES LLC","FL","2026","7","307","200","Driver and Vehicle Compliance Documentation","FileFlo tracks driver qualification files, medical certificates, vehicle inspection records, and maintenance logs -- everything an FMCSA auditor looks for, organized and current."
"255631","TFA LOGISTICS LLC","TX","2026","8","306","173","Driver and Vehicle Compliance Documentation","FileFlo tracks driver qualification files, medical certificates, vehicle inspection records, and maintenance logs -- everything an FMCSA auditor looks for, organized and current."
"1246064","KNOWLES TRUCKING LLC","TX","2026","2","312","88","Driver and Vehicle Compliance Documentation","FileFlo tracks driver qualification files, medical certificates, vehicle inspection records, and maintenance logs -- everything an FMCSA auditor looks for, organized and current."
"420647","SOUTHERN GLAZER'S WINE AND SPIRITS LLC","CA","2026","5","308","202","Driver and Vehicle Compliance Documentation","FileFlo tracks driver qualification files, medical certificates, vehicle inspection records, and maintenance logs -- everything an FMCSA auditor looks for, organized and current."
"2532550","ROADIES INC","CA","2026","3","310","153","Driver and Vehicle Compliance Documentation","FileFlo tracks driver qualification files, medical certificates, vehicle inspection records, and maintenance logs -- everything an FMCSA auditor looks for, organized and current."
"2580942","LEDEZMA TRUCKING LLC","TX","2026","1","312","45","Driver and Vehicle Compliance Documentation","FileFlo tracks driver qualification files, medical certificates, vehicle inspection records, and maintenance logs -- everything an FMCSA auditor looks for, organized and current."
"2792167","INTERFLETES-ESCOBEDO TRUCKING LLC","TX","2025","4","308","64","Driver and Vehicle Compliance Documentation","FileFlo tracks driver qualification files, medical certificates, vehicle inspection records, and maintenance logs -- everything an FMCSA auditor looks for, organized and current."
"970762","PRODUCERS DAIRY FOODS INC","CA","2026","2","309","183","Driver and Vehicle Compliance Documentation","FileFlo tracks driver qualification files, medical certificates, vehicle inspection records, and maintenance logs -- everything an FMCSA auditor looks for, organized and current."
"2332876","DELSA LOGISTICS LLC","TX","2026","3","307","95","Driver and Vehicle Compliance Documentation","FileFlo tracks driver qualification files, medical certificates, vehicle inspection records, and maintenance logs -- everything an FMCSA auditor looks for, organized and current."
"3553950","BLACK DROP TRUCKING LLC","TX","2026","5","305","62","Driver and Vehicle Compliance Documentation","FileFlo tracks driver qualification files, medical certificates, vehicle inspection records, and maintenance logs -- everything an FMCSA auditor looks for, organized and current."
"2657958","THE MORNING STAR TRUCKING CO LLC","CA","2026","10","299","171","Driver and Vehicle Compliance Documentation","FileFlo tracks driver qualification files, medical certificates, vehicle inspection records, and maintenance logs -- everything an FMCSA auditor looks for, organized and current."
"2541842","XPRESS ELITE CARRIERS LLC","TX","2026","6","302","143","Driver and Vehicle Compliance Documentation","FileFlo tracks driver qualification files, medical certificates, vehicle inspection records, and maintenance logs -- everything an FMCSA auditor looks for, organized and current."
"3377849","NAMA RENTAL EQUIPMENT LLC","TX","2025","8","299","61","Driver and Vehicle Compliance Documentation","FileFlo tracks driver qualification files, medical certificates, vehicle inspection records, and maintenance logs -- everything an FMCSA auditor looks for, organized and current."
"2994337","DETA LOGISTICS LLC","TX","2026","10","297","94","Driver and Vehicle Compliance Documentation","FileFlo tracks driver qualification files, medical certificates, vehicle inspection records, and maintenance logs -- everything an FMCSA auditor looks for, organized and current."
"1434409","SANTOYO TRANSPORT SA LLC","CA","2026","1","305","189","Driver and Vehicle Compliance Documentation","FileFlo tracks driver qualification files, medical certificates, vehicle inspection records, and maintenance logs -- everything an FMCSA auditor looks for, organized and current."
"4429530","SAKARA LLC","CA","2025","61","245","102","Driver and Vehicle Compliance Documentation","FileFlo tracks driver qualification files, medical certificates, vehicle inspection records, and maintenance logs -- everything an FMCSA auditor looks for, organized and current."
"4287116","WEST TEXAS TRUCK SOLUTION LLC","TX","2025","38","266","24","Driver and Vehicle Compliance Documentation","FileFlo tracks driver qualification files, medical certificates, vehicle inspection records, and maintenance logs -- everything an FMCSA auditor looks for, organized and current."
"77949","UNITED VAN LINES LLC","CA","2026","14","290","166","Driver and Vehicle Compliance Documentation","FileFlo tracks driver qualification files, medical certificates, vehicle inspection records, and maintenance logs -- everything an FMCSA auditor looks for, organized and current."
"179097","UNFI TRANSPORT LLC","CA","2026","2","301","207","Driver and Vehicle Compliance Documentation","FileFlo tracks driver qualification files, medical certificates, vehicle inspection records, and maintenance logs -- everything an FMCSA auditor looks for, organized and current."
"2557404","ROLESA TRANSPORT LLC","TX","2026","2","300","147","Driver and Vehicle Compliance Documentation","FileFlo tracks driver qualification files, medical certificates, vehicle inspection records, and maintenance logs -- everything an FMCSA auditor looks for, organized and current."
