dot_number,company_name,city,state,zip,total_violations,driver_violations,vehicle_violations,inspection_date
3475491,RANDHAWA TRANSPORT INC,MANTECA,CA,95337,33,10,23,20260323
4501553,BIG BOYS METAL BUILDING LLC,TROY,NC,27371-1977,28,3,25,20260323
4375751,MIDSOUTH SATELLITE LLC,MURFREESBORO,TN,37128,25,4,21,20260323
4263820,AVT LOGISTICS LLC,KISSIMMEE,FL,34744,23,20,3,20260323
497850,PACIFIC AGRI PRODUCTS,SOUTH SAN FRANCISCO,CA,94080,22,20,2,20260323
3386513,THE BIG FAMILY TRANSPORTATION LLC,HYATTSVILLE,MD,20784,19,18,1,20260323
3377278,CHAFFEE TREE & CONSTRUCTION,BROOKFIELD,MA,01506-1815,16,3,13,20260323
1611396,EMMANUEL FREIGHT INC,CALEXICO,CA,92231,14,4,10,20260323
2754423,ADRIAN ORTIZ TRUCKING LLC,DULZURA,CA,91917,13,1,12,20260323
4316812,EDMONDSON TRUCKING LLC,OWENTON,KY,40359-9245,13,3,10,20260323
4429338,TCL LOGISTICS LLC,DAYTON,OH,45404,12,0,12,20260323
1556824,ARROW DRILLERS INC,SACRAMENTO,CA,95838,11,1,10,20260323
2536474,SKY INTERMODAL INC,BENSENVILLE,IL,60106,11,0,11,20260323
1749052,DONALD HULSEY,EHRENBERG,AZ,85334,10,1,9,20260323
1462137,TREECORE LLC,NEW CARLISLE,IN,46552,10,2,8,20260323
3981368,PALMETTO BULK LLC,SUMMERTON,SC,29148-9073,10,0,10,20260323
3900576,TRUETT TIMBER LLC,WADLEY,AL,36276,10,0,10,20260323
4462318,TITAN FREIGHT SERVICE LLC,LANSING,MI,48910,10,2,8,20260323
4328632,GHUMAN BROTHER TRUCKING INC,AVON,IN,46123,9,1,8,20260323
2118333,HGH EXPRESS,TURLOCK,CA,95382,9,1,8,20260323
4199222,SKY HAWK FREIGHT INC,YUBA CITY,CA,95993,9,6,3,20260323
1243480,BURANICH ENTERPRISES INC,CLARKS SUMMIT,PA,18411,9,1,8,20260323
4191927,CESAR TREJO QUINTANA,WRAY,CO,80758,9,2,7,20260323
4030789,FRONTLINE TRANSPORTATION LLC,DARBY,PA,19023,9,4,5,20260323
3679592,CASTULO ERASMO VALDIVIEZO RAMIREZ,JUAREZ,CI,32670,9,1,8,20260323
3485027,VERSAPROS LLC,ELIZABETHTOWN,PA,17022,8,0,8,20260323
3355534,COAST TO COAST MOVING LLC,NEWARK,NJ,07105,8,5,3,20260323
1549747,KAS COMMUNICATIONS LLC,ROCKFORD,MI,49341,8,3,5,20260323
3282265,WJSJ ENTERPRISES LLC,SOUTH MILWAUKEE,WI,53172,8,4,4,20260323
4379229,BL PILGRIM LOGGING,CENTRAL,SC,29630-9587,8,0,8,20260323
1512807,DGB TRUCKING INC,GRAYSVILLE,AL,35073,8,2,6,20260323
677618,RAMIRO RIVAS FLORES,DURANGO,DG,34204,8,0,8,20260323
4472117,DEVREM LLC,NORFOLK,VA,23513-2731,8,6,2,20260323
2602586,AVISON CONSTRUCTION INC,MADERA,CA,93636,7,2,5,20260323
1881895,MMI SERVICES INC,BAKERSFILD,CA,93308,7,0,7,20260323
264773,BAKER DISTRIBUTING COMPANY LLC,JACKSONVILLE,FL,32258,7,0,7,20260323
3766454,FREIGHTHAUL LLC,GOULDSBORO,PA,18424,7,1,6,20260323
356096,DLZ OHIO INC,COLUMBUS,OH,43229,7,0,7,20260323
3665903,THE L & W TRANSPORT GROUP LLC,ROMULUS,MI,48174,7,0,7,20260323
597798,PARISI TRANSPORTATION COMPANY,FAIRBORN,OH,45324,7,1,6,20260323
3808363,TOWNALD SERVICES LLC,WAUKEGAN,IL,60085,7,0,0,20260323
4136046,WORLDWIDE TECH INC,SALINE,MI,48176,7,4,3,20260323
1781115,MIDWEST GEODRILL LLC,GRAND RAPIDS,MI,49512,7,0,7,20260323
1382827,RUSTY A RILL SR,TANEYTOWN,MD,21787,7,4,3,20260323
2103091,PARK'S GARBAGE SERVICE INC,MOUNT UNION,PA,17066,7,0,7,20260323
1470733,VICTOR PEREZ CARO,CHULA VISTA,CA,91911,7,1,6,20260323
2512187,CESAR RODRIGUEZ VALLEJO,MATAMOROS,TA,87340,7,1,6,20260323
4341925,RAY & SON'S HAULING LLC,GREAT FALLS,SC,29055,7,0,7,20260323
4031148,THOMPSON FAMILY TRUCKING LLC,WOODBRIDGE,VA,22192,7,1,6,20260323
3724698,PW TOWING AND TRANSPORTATION LLC,CALUMET PARK,IL,60827,7,3,4,20260323
4060932,HERIBERTO MARQUEZ MUNOZ,SAN DIEGO,CA,92154,7,0,7,20260323
86876,FEDERAL EXPRESS CORPORATION,MEMPHIS,TN,38125,6,2,4,20260323
1197429,CELTIC CARTAGE INC,PALOS HILLS,IL,60465,6,3,3,20260323
4371179,MENDEZ CONCRETE PUMPING INC,PORTERVILLE,CA,93257,6,2,4,20260323
2734329,KERMAN TELEPHONE CO,KERMAN,CA,93630,6,1,5,20260323
3899737,RAMON R BERNAL,LANCASTER,CA,93535,6,4,2,20260323
2616968,WAVCOMM,ONTARIO,CA,91761,6,1,5,20260323
3034771,5 A B TRANS INC,RIPON,CA,95366,6,1,5,20260323
4279130,PRECISE EXCAVATING INC,BELLEVUE,MI,49021,6,2,4,20260323
4295173,DEER CREEK TRANSPORT LLC,CLOVERDALE,IN,46120,6,1,5,20260323
169155,SYSCO DETROIT LLC,CANTON,MI,48188,6,2,4,20260323
3803726,RSW HAULING,OMAHA,NE,68134,6,0,0,20260323
2023236,SALMAN TRANSPORTATION LLC,LITHONIA,GA,30058,6,2,4,20260323
484950,TEAM AIR DISTRIBUTING INC,NASHVILLE,TN,37203,6,3,3,20260323
4169592,THUNDER TOWING LLC,LEBANON,OH,45036,6,1,5,20260323
4495208,AMINCO TRANSPORT LLC,DEARBORN HEIGHTS,MI,48125,6,0,6,20260323
2964586,GREENBRIDGE TRUCKING INC,SUGAR HILL,GA,30518,6,1,5,20260323
3256177,CATASHOV INC,FEASTERVILLE-TREVOSE,PA,19053,6,0,6,20260323
4204582,KEYLI LOGISTIC LLC,CHARLOTTE,NC,28213,6,3,3,20260323
747831,DJ'S ELECTRICAL INC,BATTLE GROUND,WA,98604,6,2,4,20260323
3524907,ANTRIAVI SA DE CV,SAN PEDRO GARZA GARCIA,JA,66260,6,1,5,20260323
4122129,BPJ EXPRESS CORP,TEANECK,NJ,07666-1713,6,3,3,20260323
3078245,JOSE Z RANGEL,SOUTH GATE,CA,90280,5,1,4,20260323
4549287,RENO NEWS DISTRIBUTORS INC,RENO,NV,89502,5,0,5,20260323
2601469,FRANK SCHIPPER CONSTRUCTION CO,SANTA BARBARA,CA,93103,5,1,4,20260323
2463276,FORBES CONSTRUCTION & EXCAVATION,FALMOUTH,MI,49632,5,1,4,20260323
4005734,RUSH CARRIERS INC,OSWEGO,IL,60543,5,1,4,20260323
4348408,GENESIS TL LLC,SPANISH FORK,UT,84660,5,0,0,20260323
3504506,UES EXPLORATION LLC,ST LOUIS,MO,63146,5,2,3,20260323
4250255,KDR LOGISTICS AND TRANSPORTATION SERVICES INC,CLEVELAND,OH,44120,5,5,0,20260323
3696691,T3R TRANSPORTING LLC,TAMARAC,FL,33321,5,2,3,20260323
2975138,CTF ENTERPRISES INC,MARNE,MI,49435,5,1,4,20260323
523807,TIMPSON TRANSPORT INC,LOWELL,MI,49331,5,0,5,20260323
2455558,THUNDERSTEALERS LLC,FOXBOROUGH,MA,02035,5,3,2,20260323
2891808,QUINTERO'S TRUCKING LLC,LEXINGTON,KY,40508,5,0,5,20260323
935877,JAYRAY TRUCKING LLC,GREENSBORO,GA,30642,5,0,5,20260323
3786642,VEGA TRUCKING INC,KANSAS CITY,KS,66109,5,0,5,20260323
4388646,LC TRANSPORTATION LLC,YORK,PA,17408-1508,5,1,4,20260323
1540207,PAISA TRANSPORT LLC,BEAVERTON,OR,97005,5,1,4,20260323
2305558,A & D ENTRANCES INC,WYANDANCH,NY,11798,5,0,5,20260323
871219,W J WEIR AND SONS INC,BOYLSTON,MA,01505,5,1,4,20260323
2589359,MUSA LOGISTICS INC,CORONA,CA,92882,5,0,5,20260323
4353509,ARREOLA VEGA TRUCKING LLC,CALEXICO,CA,92231,5,1,4,20260323
2859862,ALDO GRACIEL BELLO DEL ANGEL,MATAMOROS,TA,87396,5,1,4,20260323
2361781,TALLGRASS MLP OPERATIONS LLC,STERLING,CO,80751,5,1,4,20260323
558117,ECO TRANSPORTES INTERNACIONALES SA DE CV,CD JUAREZ,CI,32550,5,1,4,20260323
897989,CUSTOM LIGHTING SERVICES LLC,KANSAS CITY,MO,64120,5,1,4,20260323
3123658,CN EXPRESS LLC,LAREDO,TX,78045,5,2,3,20260323
3325196,D & J ORTEGA TRUCKING LLC,JURUPA VALLEY,CA,92509,4,0,4,20260323
351560,MIKE LOWRIE TRUCKING INC,DIXON,CA,95620,4,0,4,20260323
3439906,MIRANDA G TRANSPORTATION INC,SAN JOSE,CA,95133,4,1,3,20260323
272134,SOUTH EAST CARRIERS INC,LAWRENCEBURG,TN,38464,4,4,0,20260323
3604014,THE MAJOR ROUTE LLC,FRESNO,CA,93725,4,0,4,20260323
3479236,PLATOFF EXPRESS INC,NORTH PORT,FL,34286,4,3,1,20260323
1315539,GT EMPIRE INC,BAKERSFIELD,CA,93313,4,0,4,20260323
4199837,NEF SERVICES INC,FREMONT,CA,94555,4,0,4,20260323
2792015,LEONESS EXPRESS INC,WILMINGTON,CA,90744,4,0,4,20260323
2792715,COREAS TRUCKING LLC,SALINAS,CA,93901,4,0,4,20260323
3103565,CHHINA BROS TRANSPORT INC,STOCKTON,CA,95212,4,0,4,20260323
4019193,HILARIO CHIMAL LOVERA,SANTA MARIA,CA,93454,4,0,4,20260323
4476586,ALPHA OMEGA INSTALLS LLC,RIDGELAND,MS,39157,4,4,0,20260323
4287420,KSM LOGISTICS LLC,INDIANAPOLIS,IN,46220,4,1,3,20260323
1684118,TIFFIN TRANSPORTATION LLC,TIFFIN,OH,44883,4,0,4,20260323
1731974,ALPERS INSULATION LLC,TRAVERSE CITY,MI,49686,4,4,0,20260323
2564047,SUBBERT PUMPING LLC,WAHOO,NE,68066,4,0,0,20260323
1039848,WAGNER EXPRESS TRUCKING INC,TEXARKANA,TX,75503,4,0,0,20260323
4295178,ROCKY RESTORATION LLC,LOVELAND,OH,45140-1145,4,1,3,20260323
3224914,UNIX GROUP INC,HOMER GLEN,IL,60491,4,0,4,20260323
2479163,MIDNIGHT RUN COURIERS INC,JOHNSTON,RI,02919,4,1,3,20260323
1747540,ARAMARK,PHILADELPHIA,PA,19103,4,0,4,20260323
4014575,B D SEPTIC AND DIRT WORK-MOBLE HOME SETS,WILLIAMSBURG,KY,40769-9543,4,0,4,20260323
2558079,KEMPER CONSTRUCTION LLC,CARROLLTON,KY,41008,4,3,1,20260323
947965,ELLIOTT CONTRACTING INC,PIKEVILLE,KY,41501,4,1,3,20260323
3772016,BACKYARD PARADISE POOLS LLC,NEW BEDFORD,MA,02740,4,0,4,20260323
3197835,ROGUE CARRIER INC,ROMEOVILLE,IL,60446,4,1,3,20260323
3921882,MIRHAN CARGO INC,MINNEAPOLIS,MN,55454,4,1,3,20260323
846857,WIND RIVER ENVIRONMENTAL LLC,MARLBOROUGH,MA,01752,4,1,3,20260323
1567212,DAN MIJAILOVIC TRANSPORT INC,NORRIDGE,IL,60706,4,3,1,20260323
4515698,A & JAY LOGISTICS SERVICE INC,LIVE OAK,FL,32060,4,2,2,20260323
651057,BECTON TIMBER LLC,MILLRY,AL,36558,4,0,4,20260323
3003671,TAD OSBORNE CONSTRUCTION LLC,BEND,OR,97703,4,0,4,20260323
4349665,ROMA FREIGHT INC,CALEXICO,CA,92231,4,1,3,20260323
1481542,CURREY ENTERPRISES INC,GROVE,OK,74344,4,1,3,20260323
3301622,R & M DIESEL SERVICE & TOWING LLC,SOLVANG,CA,93463,3,0,3,20260323
1829579,WEST COAST ARBORISTS INC,ANAHEIM,CA,92806,3,0,3,20260323
3683195,BENS ASPHALT LLC,PEORIA,AZ,85345,3,0,3,20260323
58982,SYSTEM TRANSPORT A CORPORATION,SIGNAL HILL,CA,90755,3,2,1,20260323
1776012,ANTONIO & SONS TRUCKING INC,FRESNO,CA,93723,3,0,3,20260323
3112489,DOUBLE A DAIRY SERVICE INC,TULARE,CA,93274,3,1,2,20260323
2993115,ACTION EQUIPMENT RENTALS INC,HANFORD,CA,93230,3,0,3,20260323
1177055,CW INDUSTRIES INC,LONG BEACH,CA,90813,3,0,3,20260323
2718660,SALTZMAN AUTO ELECTRIC AND EQUIPMENT INC,TULARE,CA,93274,3,1,2,20260323
3992725,J & B MULTISERVICES LLC,BROKEN ARROW,OK,74014,3,2,1,20260323
1252905,KNIGHT REFRIGERATED LLC,PHOENIX,AZ,85027,3,0,3,20260323
2610362,BAUMAN LANDSCAPE AND CONSTRUCTION INC,SAN RAFAEL,CA,94901,3,0,3,20260323
3113474,PACIFIC PEARL TRANSPORT INC,MADERA,CA,93637,3,0,3,20260323
3952571,SLJ TRANS INC,MERCED,CA,95348,3,0,3,20260323
3839788,M & R SORIANO LLC,CLOVIS,CA,93612,3,1,2,20260323
4110955,EVERMAN DRYWALL,SACRAMENTO,CA,95834,3,0,3,20260323
179097,UNFI TRANSPORT LLC,PROVIDENCE,RI,02903,3,0,3,20260323
2020332,TRANCASA USA INC,PHARR,TX,78577,3,0,3,20260323
4367624,LIAD TRUCKING INC,WEST COVINA,CA,91790,3,0,3,20260323
2616456,TODD HELDT EXCAVATING INC,ROSEVILLE,CA,95661,3,0,3,20260323
357043,TANIMURA AND ANTLE INC,SPRECKLES,CA,93908,3,0,3,20260323
3944856,Z HAUL CONTAINERS INC,OAKLAND,CA,94609,3,0,3,20260323
2358554,G K Z TRUCKING LLC,MARS HILL,NC,28754,3,1,2,20260323
4082750,TREBOL LLC,CHICAGO,IL,60641,3,0,3,20260323
2400707,VE FRESH LLC,DETROIT,MI,48234,3,0,3,20260323
1109675,CENTRAL IRRIGATION SUPPLY INC,ELMSFORD,NY,10523,3,0,3,20260323
1765150,SPLASH TRANSPORT INC,INDIANAPOLIS,IN,46268,3,1,2,20260323
390720,RAYS FEED MILL INC,BARK RIVER,MI,49807,3,1,2,20260323
121018,ESTES EXPRESS LINES,RICHMOND,VA,23230,3,3,0,20260323
3069368,LINCOLN GLASS INC,LINCOLN,NE,68502,3,0,0,20260323
2508141,KZ MECHANICAL LLC,LONG PINE,NE,69217,3,0,0,20260323
3988912,JUSTIN DRUEKE TRUCKING LLC,NAPER,NE,68755,3,0,0,20260323
239231,KAYTON INTERNATIONAL INC,ALBION,NE,68620,3,0,0,20260323
2824644,MIAMI VALLEY PROPANE LLC,MIDDLETOWN,OH,45042,3,0,3,20260323
2597894,INTERSTATE MARINE TRANSPORT LLC,BURNSVILLE,MN,55337,3,2,1,20260323
2578164,K1 TRANSFREIGHT INC,WHEELING,IL,60090,3,0,3,20260323
2312559,MIDWEST EASEMENT SERVICES LLC,VANDALIA,IL,62471,3,0,3,20260323
1606394,MARITIME DELIVERY SERVICES INC,JOLIET,IL,60436,3,0,3,20260323
2608993,BULLEWADD TRANSPORT LIMITED,WINDSOR,ON,N9C 4C3,3,3,0,20260323
89243,FERRELLGAS L P,LIBERTY,MO,64068,3,0,3,20260323
500549,METRO PARCEL & FREIGHT INC,STERLING HEIGHTS,MI,48312,3,1,2,20260323
4278139,SAM TWINS INC,MACOMB,MI,48042,3,0,3,20260323
296052,A D TRANSPORT EXPRESS INC,CANTON,MI,48188,3,1,2,20260323
419405,OSCAR W LARSON COMPANY,CLARKSTON,MI,48348,3,0,3,20260323
1457498,STEVIE W CALDWELL SWC,STONEY FORK,KY,40988,3,1,2,20260323
272262,WASTEQUIP MANUFACTURING COMPANY LLC,CHARLOTTE,NC,28211,3,1,2,20260323
1396794,MRC TRANSPORTATION INC,TAZEWELL,TN,37879,3,0,3,20260323
3296172,VIKINGS LLC,HAMMOND,IN,46323-1100,3,3,0,20260323
4427489,ICHABOD TRANSPORT SERVICE LLC,COOKEVILLE,TN,38501,3,1,2,20260323
4514820,GOLLA GROUP LLC,DAVENPORT,WA,99122,3,1,2,20260323
2177893,BARWICK PLUMBING CO LLC,PINEWOOD,SC,29125,3,3,0,20260323
3483485,NWP TRANSPORT LLC,NEW CASTLE,DE,19720-4345,3,1,2,20260323
1067244,E-TRANSPORT CARRIERS LLC,SCHUYLKILL HAVEN,PA,17972,3,0,3,20260323
3326771,BF LOGISTICS LLC,LOUISVILLE,KY,40299,3,0,3,20260323
1393569,INSTANTWHIP ROCHESTER INC,ROCHESTER,NY,14606,3,0,3,20260323
3223150,CLEAR RUN SOLUTIONS INC,MILTON,PA,17847-1113,3,0,3,20260323
4202494,TGI TRANSPORT LLC,TOMS RIVER,NJ,08753-4184,3,2,1,20260323
4085077,TDA PICK UP DROP OFF LLC,DALLAS,GA,30132,3,0,3,20260323
969612,CSB COMMUNICATIONS LLC,HAMDEN,CT,06517,3,2,1,20260323
4404787,ROADS MASTORS LLC,SCHENECTADY,NY,12306,3,0,3,20260323
3644911,WEEMS TRANSPORT INCORPORATED,LOVELAND,OH,45140,3,1,2,20260323
4359575,OMS LOGISTICS INC,APPLE VALLEY,CA,92307-4180,3,0,3,20260323
3335738,DM TRANSPORTATION LLC,PHILADELPHIA,PA,19115,3,0,3,20260323
2518976,TOTAL CARGO EXPRESS LLC,SAN DIEGO,CA,92154,3,1,2,20260323
3922350,ANTONIO SALAS DE LA MORA,SPRING VALLEY,CA,91978,3,0,3,20260323
297080,BLUETRITON BRANDS INC,STAMFORD,CT,06902-1138,3,1,2,20260323
1173203,ROCIO KARINA GUTIERREZ DE HOYOS,REYNOSA,TA,88780,3,0,3,20260323
3666175,TRANHAUL TRANSPORT LTD,EDMONTON,AB,T6V 0J5,3,0,3,20260323
3703837,C&G TEXAS FREIGHT LLC,PASADENA,TX,77504,3,1,2,20260323
2880674,R&J CHAFIN LLC,DELBARTON,WV,25676,3,0,0,20260323
4005175,STRATTON CONSTRUCTION INC,LA VERKIN,UT,84745,3,1,2,20260323
3765750,TRANSPORTES SOLMEL SA DE CV,JUAREZ,CI,32563,3,1,2,20260323
2590288,CLAUDIA VERONICA NIETO PEREZ,JUAREZ,CI,32690,3,0,3,20260323
690147,GULF WINDS INTERNATIONAL INC,SEABROOK,TX,77586,3,0,3,20260323
2941250,QUALITY CUSTOM DISTRIBUTION SERVICES LLC,IRVINE,CA,92612,2,0,2,20260323
80806,J B HUNT TRANSPORT INC,LOWELL,AR,72745,2,2,0,20260323
4404535,TRISTAR GROUND LLC,LA HABRA,CA,90631,2,1,1,20260323
1855438,J & S DURST INC,LACON,IL,61540,2,0,2,20260323
2915406,AGM TRUCKING INC,ELK GROVE,CA,95624,2,0,2,20260323
469059,CAPITOL SAND & GRAVEL CO,SACRAMENTO,CA,95826,2,0,2,20260323
2928764,CAPITAL NORTH VALLEY INVESTMENTS INC,YUBA CITY,CA,95993,2,1,1,20260323
2853365,CHAVEZ TRANSPORT INC,DIXON,CA,95620,2,1,1,20260323
3497875,JMA GENERAL CONSTRUCTION INC,NORTHRIDGE,CA,91324,2,0,2,20260323
2923171,"MALIBOU LAKE MOUNTAIN CLUB, LTD.",AGOURA,CA,91361,2,0,2,20260323
3733472,INSUL-TECHS INC,CONCORD,CA,94520,2,0,2,20260323
94081,MAY TRUCKING COMPANY,SALEM,OR,97305,2,0,2,20260323
12693,OST TRUCKS AND CRANES INC,VENTURA,CA,93001,2,1,1,20260323
1929980,FOUR TRANSPORT INC,MORENO VALLEY,CA,92555,2,0,2,20260323
2574072,KJ AMERICA INC,FRESNO,CA,93723,2,1,1,20260323
1837312,GREEN JOHAL TRANSPORT LLC,PARLIER,CA,93648,2,2,0,20260323
230066,MANUEL HUERTA TRUCKING INC,RIO RICO,AZ,85648,2,2,0,20260323
2087743,LUMBER CITY CORP,CHATSWORTH,CA,91311,2,1,1,20260323
3796150,MAAN EMPIRE INC,FRESNO,CA,93727,2,1,1,20260323
3029963,CHAUNCEY AND TASHA KOEHN A GENERAL PARTNERSHIP,LIVINGSTON,CA,95334,2,2,0,20260323
2710468,TNT DEMOLITION INC,SAN CARLOS,CA,94070,2,0,2,20260323
4468457,GUARDIAN CONSTRUCTION GROUP INC,SAN CARLOS,CA,94070,2,1,1,20260323
3890960,ODAJIU-PROLOGISTICS INC,NAPERVILLE,IL,60564,2,1,1,20260323
4133457,HARMAN ROADLINES INC,LOVELOCK,NV,89419,2,2,0,20260323
3447652,W A BRAXTON & SONS TRANSPORT LLC,CHICAGO,IL,60621,2,0,2,20260323
2011303,BLUE STAR TRANSPORTATION INC,VICTORVILLE,CA,92394,2,1,1,20260323
2653940,RODRIGO A TORRES,MIRA LOMA,CA,917522627,2,1,1,20260323
2977962,HOMESTEAD STEAKS LLC,JOPLIN,MO,64804,2,0,2,20260323
4159771,NOHCHO INC,PHILADELPHIA,PA,19152,2,2,0,20260323
16130,RYDER TRUCK RENTAL INC,CORAL GABLES,FL,33134,2,0,2,20260323
443096,DISCOUNT TIRE TRANSPORT INC,SCOTTSDALE,AZ,85255,2,0,2,20260323
308414,AUTO EXPEDITING INC,LIVONIA,MI,48150,2,0,2,20260323
63391,R L CARRIERS,WILMINGTON,OH,45177,2,0,2,20260323
3069641,KIRA FREIGHT INC,RICHMOND,IN,47374,2,1,1,20260323
3561280,FUSE ELECTRIC LLC,CLARKLAKE,MI,49234,2,0,2,20260323
4279710,A&G DELIVERIES LLC,FORT WAYNE,IN,46845,2,0,2,20260323
388004,AMERIGAS PROPANE LP,KING OF PRUSSIA,PA,19406,2,0,2,20260323
4234667,LTS LOGISTICS INC,MELVINDALE,MI,48122,2,0,2,20260323
811543,AUTOBAHN FREIGHT LINES LTD,BRAMPTON,ON,L6W 4V2,2,1,1,20260323
3558295,IBERIA EXPRESS INC,MCHENRY,IL,60050,2,0,0,20260323
2099850,SOLE TRANS LLC,DAMASCUS,OR,97089,2,0,0,20260323
1755970,SRC IRRIGATION INC,SEMINOLE,TX,79360,2,0,0,20260323
3372019,BULLTEX TRUCKING LLC,RICHMOND,TX,77406,2,0,0,20260323
4047948,ESSENTIAL TALENT LLC,WINSTON-SALEM,NC,27103-6775,2,0,0,20260323
940505,HOINS TRUCKING INC,DAVENPORT,NE,68335,2,0,0,20260323
775487,BAILEYS INC,SIOUX CITY,IA,51111,2,0,0,20260323
154193,R C MOORE INC,SCARBOROUGH,ME,04074,2,0,2,20260323
4168386,INFINITRA INC,LAREDO,TX,78045,2,1,1,20260323
1262057,NOLDE ROBINS JR,PLYMOUTH,PA,18651,2,0,2,20260323
30226,SBC TRANSPORTATION INC,YOUNGSTOWN,OH,44501,2,0,2,20260323
3374433,NIJJAR CARRIER INC,YUBA CITY,CA,95993,2,0,2,20260323
303024,US XPRESS,CHATTANOOGA,TN,37421,2,1,1,20260323
3864827,FALLS CITY FENCE LLC,LOUISVILLE,KY,40212,2,0,2,20260323
2450787,GROUNDED AIR TRANSPORT INC,RAMSEY,MN,55303,2,2,0,20260323
4202687,VELOCITY CARGO INC,NEWVILLE,PA,17241,2,2,0,20260323
4014849,BLITZ TRANSPORT LLC,OREGON CITY,OR,97045,2,0,2,20260323
3154049,DALMAR TRUCKING LLC,COLUMBUS,OH,43229,2,0,2,20260323
3529647,ISON ENTERPRISES LLC,INDEPENDENCE,KY,41051,2,1,1,20260323
2562486,SFAKIA LLC,WEST PALM BEACH,FL,33413,2,2,0,20260323
472119,PEOPLES FURNITURE INC,EVANSVILLE,IN,47715,2,1,1,20260323
3291887,AMERICAN FREIGHT LOGISTICS LLC,SOUTH SIOUX CITY,NE,68776,2,2,0,20260323
190517,MDZ INC,LOUISVILLE,KY,40206,2,2,0,20260323
3496391,ABG TRANSPORT LLC,CREEDMOOR,NC,27522,2,0,2,20260323
2575374,PALMER LEASING LLC,INDIANAPOLIS,IN,46229,2,0,2,20260323
90308,US LBM LOGISTICS LLC,CLARKSVILLE,IN,47129,2,0,2,20260323
1598776,WEEKS FOOD CORP,RICHMOND,MI,48062,2,1,1,20260323
1619311,ELITE DISPOSAL INC,GRAND RAPIDS,MI,49507,2,0,2,20260323
1872055,MICHIGAN VALLEY IRRIGATION II,MCBRIDE,MI,48852,2,2,0,20260323
1550374,UNCLE RAYS LLC,DETROIT,MI,48238,2,0,2,20260323
4359611,MBS LOGISTIC SOLUTIONS LLC,YOUNGSTOWN,OH,44512,2,0,2,20260323
4101146,H&H SIGNS LLC,TECUMSEH,MI,49286,2,0,2,20260323
1588405,HOOSIER CONCRETE PUMPING INC,NEW PARIS,IN,46553,2,1,1,20260323
3931894,BAM TRUCKING LLC,PEORIA,IL,61604,2,0,2,20260323
3550016,MSQ TRUCKING LLC,MIDDLETOWN,PA,17057,2,2,0,20260323
3998939,GENERATIONAL LEGACY TRANSPORTATION LLC,STROUDSBURG,PA,18360,2,2,0,20260323
666503,CHASE ENVIRONMENTAL GROUP INC,LOUISVILLE,KY,40299,2,2,0,20260323
1913533,SWI,JEFFERSONVILLE,IN,47130,2,1,1,20260323
3840951,IONNA EXPRESS LLC,HARRISBURG,PA,17109,2,0,2,20260323
1921315,PUTNIK EXPRESS,DES PLAINES,IL,60018,2,1,1,20260323
740036,CENTRAL HAULING CO,LITTLE ROCK,AR,72209,2,0,2,20260323
3205071,MDN FREIGHT INC,DAVENPORT,IA,52807,2,0,2,20260323
3234227,REVOLUCION EMPLOYEE,COLUMBUS,OH,43223,2,1,1,20260323
595202,ELK TRUCKING INC,VERONA,VA,24482,2,0,2,20260323
661173,CENTRAL TRANSPORT,WARREN,MI,48089,2,1,1,20260323
325568,EAST-WEST INC,FLETCHER,NC,28732,2,1,1,20260323
4447066,TRAXION MATERIALS LLC,JACKSBORO,TN,37757-4720,2,1,1,20260323
4138495,RELAY TRANSPORT LLC,ATLANTA,GA,30315,2,2,0,20260323
4000892,EMPIREE G HAULERS LLC,OPTIMA,OK,73945,2,0,2,20260323
4049704,CARRIER EXPRESS LLC,COLUMBUS,OH,43229,2,0,2,20260323
4241198,SPECTRUM LOGISTICS LLC,MERIDIAN,ID,83642,2,1,1,20260323
4409812,BIG DAWGS ENTERPRISE LLC,HAMPTON,GA,30228,2,0,2,20260323
1761429,HERITAGE FREIGHT WAREHOUSING & LOGISTICS LLC,SYLACAUGA,AL,35150,2,0,2,20260323
767853,WILLAMETTE & PACIFIC RAILROAD INC,ALBANY,OR,97322,2,0,2,20260323
23761,PHIBRO-TECH INC,SANTA FE SPRINGS,CA,90670,2,0,2,20260323
4078370,BRAVO LINES LLC,NEWMAN,CA,95360,2,1,1,20260323
4372221,YOSBEL COURIER SERVICES LLC,SALT LAKE CITY,UT,84104-2902,2,1,1,20260323
3081822,EBYLAND LLC,CUMBERLAND,MD,21502,2,1,1,20260323
4075419,MCCULLERS LAND WORKS,DADEVILLE,AL,36853-3440,2,0,2,20260323
1502545,KLS TRUCKING AND LOGGING LLC,CALERA,AL,35040,2,2,0,20260323
2907429,SILK WAY TRANSPORT INC,ROCKFORD,IL,61109,2,2,0,20260323
3495676,DELTA PRIME LLC,ORLAND PARK,IL,60462,2,2,0,20260323
2200255,DOUG MARQUARDT INC,YANKTON,SD,57078,2,1,1,20260323
4128590,STANKA TRUCKING LLC,MIDDLE RIVER,MD,21220,2,0,2,20260323
2338363,AVAIL TRANSPORT INC,MARIA,FL,34142,2,2,0,20260323
3714086,G8 TRANSPORT INC,LAREDO,TX,78045,2,1,1,20260323
2147589,CHAD EDWARD MAURER,MT PLEASANT MILLS,PA,17853,2,0,2,20260323
2523205,UKR TRANSPORT LLC,PORTLAND,OR,97230-6830,2,0,2,20260323
476633,FSR TRUCKING INC,WEST PALM BEACH,FL,33409,2,1,1,20260323
3720528,SPMACK TRUCKING LLC,CLOVER,SC,29710,2,0,2,20260323
3637536,VIA EGNATIA LOGISTICS LLC,VALPARAISO,IN,46383,2,0,2,20260323
159139,1975 TRANSPORTATION LLC,MOULTRIE,GA,31788,2,0,2,20260323
925129,NORTON TRANSPORT INC,RINGGOLD,GA,30736,2,2,0,20260323
3170231,BONIVUK LOGISTICS INC,SUMMIT,IL,60501,2,2,0,20260323
4227787,MAGNOLIA BRANCH CONSTRUCTION LLC,BATON ROUGE,LA,70805,2,1,1,20260323
4481953,BACK TO HOME INC,CARBONDALE,PA,18407-2031,2,0,2,20260323
2567597,MID ATLANTIC REPAIRS LLC,CHAMBERSBURG,PA,17201,2,0,2,20260323
4199416,UNIS DEMOLITION COMPANY LLC,ALIQUIPPA,PA,15001-4041,2,0,2,20260323
784926,PHIL'S TRANSPORT LTD,MACGREGOR,MB,R0H 0R0,2,0,2,20260323
2811380,PROSTYLE HOMES,GEORGE,UT,84790,2,0,2,20260323
4260154,USA HUB GROUP INC,STOCKTON,CA,95219,2,2,0,20260323
264719,GODFREY TRUCKING INC,WEST VALLEY CITY,UT,84128-6402,2,0,2,20260323
282577,J H O C INC,FOREST PARK,GA,30297,2,0,2,20260323
1726879,ANDRUS TOWING INC,ST GEORGE,UT,84770,2,0,2,20260323
3201415,UNION AGRO SERVICES LLC,MIFFLINBURG,PA,17844,2,0,2,20260323
683428,OPERADORA DE TRANSPORTE INTERNACIONAL SA DE CV,CD JUAREZ,CI,32590,2,1,1,20260323
3152868,SOPORTE Y SERVICIOS EN PRODUCTOS INDUSTRIALES S DE RL DE CV,JUAREZ,CI,32557,2,1,1,20260323
662058,VRP TRANSPORTES DE MEXICO S DE RL DE CV,JUAREZ,CI,32695,2,1,1,20260323
3961635,MD PRIME LOGISTICS LLC,CHARLOTTE,NC,28210,2,1,1,20260323
3443433,NEXT LVL ENERGY LLC,RAVENSWOOD,WV,26164,2,0,2,20260323
4510392,NEXZ INTERNATIONAL INC,RANCHO CUCAMONGA,CA,91739,1,0,1,20260323
380994,DIANA'S MEXICAN FOOD PRODUCTS INC,NORWALK,CA,90650,1,0,1,20260323
4441917,LANCER TRANS INC,YUBA CITY,CA,95993,1,1,0,20260323
2947430,WTRS TRANSPORTATION RECOVERY INC,BELL GARDENS,CA,90201,1,0,1,20260323
2743369,GANAHL LUMBER COMPANY,ANAHEIM,CA,92805,1,1,0,20260323
834063,ROCKY MOUNTAIN CONSTRUCTION LLC,KLAMATH FALLS,OR,97603,1,0,1,20260323
3968574,DULLU TRANSPORT INC,GREENWOOD,IN,46143,1,1,0,20260323
3200231,2148602 ALBERTA LTD,BRAMPTON,ON,L6T 4Z5,1,0,1,20260323
2901438,MG FIRST CLASS TRANSPORTATION INC,FONTANA,CA,92336,1,1,0,20260323
2396263,XR EXPRESS INC,ROCKDALE,IL,60436,1,0,1,20260323
2827798,LORENA ARMENTA BURGOS,SOMERTON,AZ,85350,1,1,0,20260323
2583732,AXL TRANSPORT LLC,TECATE,CA,91980,1,1,0,20260323
501453,FRT INTERNATIONAL INC,COMPTON,CA,90222,1,0,1,20260323
3794876,FULCRUM TRUCKING,AUBURN,CA,95602,1,0,1,20260323
3885139,ROSEVILLE CROWN INC,ROSEVILLE,CA,95747,1,0,1,20260323
4356897,JUST HAULER JUNK REMOVAL LLC,WINNETKA,CA,91306,1,0,1,20260323
3029998,AR TRANS GROUP INC,FAIRFIELD,CA,94534,1,0,1,20260323
440719,DANIEL'S WESTERN MEAT INC,PICO RIVERA,CA,90660,1,0,1,20260323
2279915,ALBERT M HERNANDEZ,SACRAMENTO,CA,95842,1,1,0,20260323
500579,SUNBELT RENTALS INC,FORT MILL,SC,29715,1,0,1,20260323
4392351,FREDRICK G ERICKSON JR,MOUNT SHASTA,CA,96067,1,0,1,20260323
3621624,DK MAX TRUCKING INC,CINCINNATI,OH,45211,1,0,1,20260323
2960538,BK TRUCKING SERVICE LLC,LITHONIA,GA,30038,1,1,0,20260323
1303683,GROVER CLAUDE GWYN,LIMESTONE,TN,37681,1,1,0,20260323
1025678,MCKEE FOODS TRANSPORTATION LLC,COLLEGEDALE,TN,37315,1,1,0,20260323
2868572,FULL PULL TRANSPORT LLC,FREMONT,CA,94538,1,1,0,20260323
21800,UNITED PARCEL SERVICE INC,ATLANTA,GA,30328,1,0,1,20260323
4126767,P H1 TRANSPORTATION LLC,JOLIET,IL,60435,1,0,1,20260323
619994,A L POWELL COMPANIES INC,ESCALON,CA,95320,1,0,1,20260323
1050559,AVTAR S SIDHU,BAKERSFIELD,CA,93312,1,1,0,20260323
2678825,COAST TRUCK CENTERS OF WEST SAC INC,WEST SACRAMENTO,CA,95691,1,0,1,20260323
2074471,A S TRANS INC,MANTECA,CA,95337,1,0,1,20260323
3926664,LEGACY DRAYAGE INC,COMPTON,CA,90221,1,0,1,20260323
1420465,PACIFIC BELL TELEPHONE COMPANY,SAINT LOUIS,MO,63101,1,0,1,20260323
2389058,I & I BROTHERS EXPRESS LLC,ROSEVILLE,CA,95747,1,0,1,20260323
2654138,GROSSMONT UNION HIGH SCHOOL DISTRICT,EL CAJON,CA,92020,1,0,1,20260323
3551730,TRANSNATIONAL EXPERTS INC,MOKENA,IL,60448,1,1,0,20260323
2703604,NICKS NURSERY LLC,SUN VALLEY,CA,91352,1,0,1,20260323
2675364,P&Z WASTE MANAGEMENT LLC,SAN JOSE,CA,95124,1,0,1,20260323
3636692,KARSA EXPRESS INC,MORENO VALLEY,CA,92551,1,1,0,20260323
1244207,GURMAN TRUCKING INC,SCHAUMBURG,IL,60173,1,1,0,20260323
4044140,4 BROTHERS TRANSPORT INC,CANOGA PARK,CA,91306,1,1,0,20260323
2398261,AWB TRANSPORT INC,KATY,TX,77449,1,1,0,20260323
4010951,G PHILLY LOGISTICS LLC,PAINESVILLE,OH,44077,1,0,1,20260323
28406,C R ENGLAND INC,SALT LAKE CITY,UT,84120,1,0,1,20260323
973417,OCTAGON FREIGHT LLC,ELK GROVE VILLAGE,IL,60007,1,0,1,20260323
707789,SALSON LOGISTICS INC,NEWARK,NJ,07114,1,1,0,20260323
3945076,JCML LOGISTICS LLC,CHULA VISTA,CA,91911,1,0,1,20260323
4181584,BIGS&KAES LOGISTICS LLC,TUCKER,GA,30084,1,0,1,20260323
1908100,ALLIED FREIGHT SYSTEMS INC,FONTANA,CA,92335,1,0,1,20260323
3349305,EG MEAT AND PROVISION INC,COVINA,CA,91724,1,0,1,20260323
511412,WESTERN EXPRESS INC,NASHVILLE,TN,37209,1,1,0,20260323
2765795,T&S CORPORATION,ARCADIA,CA,91007,1,0,1,20260323
3036781,ELITE SAND & GRAVEL INC,MANTECA,CA,95337,1,1,0,20260323
804262,ROTBERGS HUMBOLDT ENTERPRISES INC,REDWAY,CA,95560,1,0,1,20260323
281321,OAKLEY TRANSPORT INC,LAKE WALES,FL,33859,1,0,1,20260323
4354349,AM TRUCKING CORP,LOS ANGELES,CA,90059,1,0,1,20260323
4407290,KANG ROADLINE INC,SACRAMENTO,CA,95834,1,0,1,20260323
4062621,ISSAC & NAOMI LLC,SAN JOSE,CA,95117,1,0,1,20260323
3601006,RAJA SAHIB TRUCKING CORPORATIONS,HAYWARD,CA,94544,1,0,1,20260323
3329399,VALFREIGHT INC,OAKLAND,CA,94612,1,0,1,20260323
3164054,AS CARGO LLC,NAPERVILLE,IL,60563,1,0,1,20260323
3893659,ADSA TRUCKING INC,SOUTH GATE,CA,90280,1,1,0,20260323
4469238,DH LOGISTICS LLC,PLAINFIELD,IL,60544,1,0,1,20260323
3819165,EXPEDITED SOLUTIONS LLC,RIVES JCT,MI,49277,1,0,1,20260323
4452721,SMT ACQUISITION LLC,SAINT JOSEPH,MO,64506,1,1,0,20260323
1617300,JORDAN TRIEST,POWERS,MI,49874,1,1,0,20260323
2019394,T AND T CONTRACTING,ALLEN PARK,MI,48101,1,1,0,20260323
1642360,AUTOLINX EXPRESS INC,MILTON,ON,L9T 3H5,1,1,0,20260323
4449324,CARNEGIE FOOD GROUP LLC,WILLOUGHBY HILLS,OH,44092,1,0,1,20260323
646835,MOON STAR EXPRESS LLC,BELLEVILLE,MI,48111,1,1,0,20260323
3530810,GROUND HOGGER LLC,WEST FARGO,ND,58078,1,0,1,20260323
505505,ANLAAN CORPORATION,GRAND HAVEN,MI,49417,1,1,0,20260323
1245442,MICHIGAN BARK PRODUCTS INC,WEST BRANCH,MI,48661,1,1,0,20260323
1726248,NOBIS AGRI SERVICE,PLAINWELL,MI,49080,1,1,0,20260323
1721133,AGGRESSIVE TOOL AND DIE INCORPORATED,COOPERSVILLE,MI,49404,1,1,0,20260323
1367729,HAMMER TRUCKING INC,SALINE,MI,48176,1,0,1,20260323
2406716,KMR TRANSPORT LLC,KALAMAZOO,MI,49048,1,0,1,20260323
3799633,MI TRUCKER INC,CANTON,MI,48188,1,0,1,20260323
2494043,RISE EXPRESS INC,PLAINFIELD,IL,60585,1,0,1,20260323
4518453,FLORES TRUCKING LLC,GRAND ISLAND,NE,68803,1,0,0,20260323
1947663,BLUESTAR SERVICES LLC,ROSELLE,IL,60172,1,0,0,20260323
92693,BENNETT MOTOR EXPRESS LLC,MCDONOUGH,GA,30253-0569,1,0,0,20260323
332271,ARPS RED-E MIX INC,FREMONT,NE,68025,1,0,0,20260323
4370703,MILLER CUSTOM SPRAYING & TRUCKING LLC,HOLDREGE,NE,68949-1667,1,0,0,20260323
36431,TRIMAC TRANSPORTATION INC,CALGARY,AB,T2R 0C5,1,0,0,20260323
1719707,ALFA EXPRESS INC,SANDY,UT,84070,1,0,0,20260323
3839727,CREEKSIDE REDI MIX LLC,BURWELL,NE,68823,1,0,0,20260323
4200465,SAND CREEK TRUCKING LLC,NEWPORT,NE,68759,1,0,0,20260323
3781881,INTERSTATE HAULING LLC,VANCOUVER,WA,98686,1,0,0,20260323
3372403,AD FREIGHT EXPRESS INC,WEST DUNDEE,IL,60118,1,0,0,20260323
3831673,SHIFFLET TRUCKING LLC,CAMBRIDGE,NE,69022,1,0,0,20260323
2018540,OXFORD CONSTRUCTION CO,PAPILLION,NE,68133,1,0,0,20260323
3201461,SAFETY TRANSPORT LLC,KANSAS CITY,KS,66109,1,0,0,20260323
3396472,BEAUPARLANT TRUCKING LLC,MILLVILLE,NJ,08332,1,0,1,20260323
226518,MOOVE NA TRANSPORT INC,SUPERIOR,WI,548800566,1,0,1,20260323
2156343,VS CARRIERS INC,LAKE IN THE HILLS,IL,60156,1,1,0,20260323
2063294,RLE EQUIPMENT INC,MOSCOW,PA,18444,1,1,0,20260323
1979984,IT WORKS,ALLENTOWN,PA,18103,1,1,0,20260323
4243126,BLACKSTONE TRANSPORT LLC,LOUDON,TN,37774,1,1,0,20260323
648931,COIL TRANS TRUCKING INC,WINCHESTER,KY,40391,1,0,1,20260323
3327190,FRONTERA LOS 3AMIGOS LOGISTICS LLC,LOUISVILLE,KY,40218-4507,1,0,1,20260323
299073,RYDER TRANSPORTATION SOLUTIONS LLC,CORAL GABLES,FL,33134,1,0,1,20260323
65769,HIRSCHBACH,DUBUQUE,IA,52001,1,0,1,20260323
3895596,DD88 DELIVERY LLC,PHILADELPHIA,PA,19116,1,1,0,20260323
911163,BOB EVANS TRANSPORTATION COMPANY LLC,SPRINGFIELD,OH,45502,1,1,0,20260323
487665,CMT INC,THORN HILL,TN,37881,1,1,0,20260323
3877965,NAZMEN TRANSPORT LLC,COLUMBUS,OH,43224,1,0,1,20260323
3436916,I LOAD LOGISTIC LIMITED LIABILITY PARTNERSHIP,BOWLING GREEN,KY,42101,1,1,0,20260323
3162922,FJ CARRIER LOGISTICS LLC,LAREDO,TX,78045,1,0,1,20260323
1945697,CLIPPER TRANSPORTATION INC,GLENDALE,CA,91206,1,1,0,20260323
590034,GARY GOODE TRUCKING LLC,NABB,IN,47147,1,0,1,20260323
123611,INDIAN RIVER TRANSPORT CO,WINTER HAVEN,FL,33884,1,1,0,20260323
325981,BUILDERS FIRSTSOURCE,RALEIGH,NC,27609,1,0,1,20260323
305173,CORRUGATED LOGISTICS LLC,CONYERS,GA,30013,1,1,0,20260323
3478456,BAJWA HAULING INC,BOLTON,ON,L7E 5C1,1,1,0,20260323
774374,MIDWEST LOGISTICS SYSTEMS LTD,CELINA,OH,45822,1,0,1,20260323
976560,HMD TRUCKING INC,CHICAGO RIDGE,IL,60415,1,0,1,20260323
334451,WASTE MANAGEMENT OF CAROLINAS INC,CONWAY,SC,29527,1,1,0,20260323
402998,FORWARD DISTRIBUTING,STANDISH,MI,48658,1,0,1,20260323
4002609,RIV & GOD LLC,CHICAGO,IL,60618,1,1,0,20260323
3037174,ROAD XPRESS LTD,BOLTON,ON,L7E 3B4,1,0,1,20260323
4358682,JMT SANITATION LLC,HARBOR SPRINGS,MI,49740,1,1,0,20260323
112071,LOUIS PADNOS IRON & METAL CO,HOLLAND,MI,49423,1,0,1,20260323
374,MOHAWK CARPET TRANSPORTATION OF GEORGIA LLC,CALHOUN,GA,30701,1,1,0,20260323
3953911,2444104 ALBERTA LTD,CALGARY,AB,T3J 5M3,1,0,1,20260323
874714,ALL STAR LIMOUSINE INC,TROY,MI,48084,1,0,1,20260323
38111,EVANS DELIVERY COMPANY INC,SCHUYLKILL HAVEN,PA,17972,1,1,0,20260323
2365308,RTS HOLDINGS LLC,RANDOLPH,MA,02368,1,1,0,20260323
2123265,BROTHERS TRANSPORT LLC,NICHOLASVILLE,KY,40356,1,1,0,20260323
790261,URS MIDWEST LLC,ROMULUS,MI,48174,1,1,0,20260323
2818781,CONESTOGA FREIGHT CARRIERS INC,MISSISSAUGA,ON,L4W 5K4,1,1,0,20260323
856882,BRINK-O TRANSPORTATION INC,HOLLAND,MI,49423,1,1,0,20260323
1453340,MORRIS MOTOR SERVICE INC,WANATAH,IN,46390,1,1,0,20260323
3152395,SIMOS FOOD SUPPLIES,BERKLEY,MI,48072,1,0,1,20260323
604915,SPADER FREIGHT SERVICES INC,CLYDE,OH,43410,1,1,0,20260323
2150281,ALL BENDING AND TUBULAR PRODUCTS,COOPERSVILLE,MI,49404,1,1,0,20260323
3124049,AARON CARRIERS INC,CLOVIS,CA,93619,1,1,0,20260323
681530,FISHERMANS FLEET INC,MALDEN,MA,02148,1,0,1,20260323
4248269,UM CARGO INC,NAPERVILLE,IL,60565,1,1,0,20260323
3551272,CT COMMERCIAL PAPER LLC,OAKBORO,NC,28129,1,1,0,20260323
129750,CHILDERS TRANSPORT INC,WHITESBURG,KY,41858-1247,1,0,1,20260323
3815192,SOLID AVENUE TRANSPORT LLC,LOUISVILLE,KY,40258,1,1,0,20260323
4365965,TRISTAN BARNETT,HARDY,AR,72542,1,1,0,20260323
3082114,INSIGHT GLOBAL LOGISTICS LTD,MISSISSAUGA,ON,L4W 1J3,1,0,1,20260323
1107071,WESTMORELAND TRANSPORTATION INC,LEAMINGTON,ON,N8H 3V5,1,0,1,20260323
3905828,C & E TIMBER LLC,NEWCOMB,TN,37819,1,1,0,20260323
2350063,SERVICE TRANSPORTATION INC,WALLACE,SC,29596,1,1,0,20260323
2872165,UNIVERSAL TRANSPORT II LLC,ROMULUS,MI,48174,1,0,1,20260323
36684,AVERITT,COOKEVILLE,TN,38502-3166,1,0,1,20260323
3874688,E&J BROTHERS INC,MAINEVILLE,OH,45039,1,1,0,20260323
311537,BROWN FOODSERVICE INC,LOUISA,KY,41230,1,0,1,20260323
2115871,BESSLER AUTO PARTS,WILDER,KY,41076-9069,1,0,1,20260323
2562511,UNIQUE FREIGHT CARRIERS INC,BLUE ISLAND,IL,60406,1,0,1,20260323
1243338,P&S TRANSPORTATION,ENSLEY,AL,35218,1,0,1,20260323
185183,"J.S. HELWIG & SON, L.L.C.",TERRELL,TX,75160,1,0,1,20260323
105002,BARDSTOWN ASPHALT CO INC,BARDSTOWN,KY,40004,1,1,0,20260323
93772,PERFECTION DISTRIBUTION LLC,FORT WAYNE,IN,46809,1,0,1,20260323
2589042,MAHANT TRANSPORTATION LLC,AVON,IN,46123,1,1,0,20260323
3868989,TORONTO COAST TRUCKING LTD,BOLTON,ON,L7E 1G7,1,0,1,20260323
2512940,SILVER CITY EXPRESS LLC,ST LOUIS,MO,63129,1,0,1,20260323
4172035,DARRELL WALTERS AND JAMES TODD WALTERS,HODGENVILLE,KY,42748,1,1,0,20260323
3845130,PREMIUM UTILITY CONTRACTOR INC,BELMONT,OH,43718,1,1,0,20260323
3314017,FLEX STAR CERTIFIED ROOFING INSTALLERS INC,HARTFORD CITY,IN,47348,1,1,0,20260323
4364493,PREMIER SPLICING LLC,GROVE CITY,OH,43123-9539,1,1,0,20260323
71342,COMMERCIAL TRANSPORT INCORPORATED,BELLEVILLE,IL,62220,1,1,0,20260323
2258095,EXCEL TRUCKING LLC,GROVE CITY,OH,43123,1,0,1,20260323
3837513,HWS TRANSPORT LLC,HUDSON,IN,46747,1,0,1,20260323
2578534,ROAD KING EXPRESS INC,BOLINGBROOK,IL,60440,1,1,0,20260323
134697,HEARTLAND EXPRESS,NORTH LIBERTY,IA,52317,1,0,1,20260323
446286,STAR VAN SYSTEMS INC,STONEY CREEK,ON,L8E 5P6,1,0,1,20260323
4516754,A&D TOWING LLC,LOUISVILLE,KY,40214,1,1,0,20260323
419801,ATLAS METAL PRODUCTS CO INC,LOUISVILLE,KY,40229-2100,1,1,0,20260323
820305,GLASSCOCK TRANSPORT INC,HARDINSBURG,KY,40143,1,0,1,20260323
473238,2-J SUPPLY COMPANY INC,DAYTON,OH,45404,1,1,0,20260323
3788837,ACE CANADA TRANSPORT LTD,SASKATOON,SK,S7L 6N7,1,0,1,20260323
376418,LARRY D LIEVENS,HILLSDALE,IL,61257,1,0,1,20260323
452325,WOODY BOGLER TRUCKING COMPANY,GERALD,MO,63037,1,0,1,20260323
3084003,TL SCHWAB TRANSPORT LLC,DELEVAN,NY,14042,1,0,1,20260323
3670684,BJS EXPRESS TRANSPORT LLC,AUSTELL,GA,30106,1,0,1,20260323
270150,PERFORMANCE TRANSPORTATION LLC,RICHMOND,VA,23238,1,1,0,20260323
87124,BLUE SPRINGS TRUCK LINE INC,BATES CITY,MO,64011-8081,1,0,1,20260323
2838036,S J EATON PLUMBING & HEATING,SELINSGROVE,PA,17870,1,1,0,20260323
605674,HM SEFA TRANSPORTATION LLC,LEXINGTON,SC,29073,1,1,0,20260323
3915450,QXL EXPRESS INC,ALHAMBRA,CA,91801,1,0,1,20260323
751209,FINSTER COURIER INCORPORATED,PENNSAUKEN,NJ,08110,1,1,0,20260323
4233510,HONEA PATH LOGISTICS LLC,HONEA PATH,SC,29654,1,1,0,20260323
1823513,MI COSTENITA TRANSPORTATION SERVICES LLC,ALSIP,IL,60803,1,1,0,20260323
94646,DUKE ENERGY BUSINESS SERVICES LLC,CHARLOTTE,NC,28202-1006,1,1,0,20260323
1437298,AL CALHOUN,CHARLES CITY,IA,50616,1,1,0,20260323
2548036,ROCKY MOUNTAIN FENCING AND HAY GRINDING INC,BAINVILLE,MT,59212,1,0,1,20260323
754530,R&S CONCRETE PAVING & SITE CONTRACTORS,BRISTOL,PA,19007,1,0,1,20260323
130071,CALLANAN INDUSTRIES INC,ALBANY,NY,12211,1,0,1,20260323
2192113,ECC MOVERS LLC,NORTH TONAWANDA,NY,14120,1,0,1,20260323
30695,COCA-COLA BEVERAGES NORTH EAST INC,BEDFORD,NH,03110-6913,1,0,1,20260323
1217052,ENVIRONMENTAL COMPLIANCE CONSULTANTS INC,OKLAHOMA CITY,OK,73128,1,0,1,20260323
3051100,ARM TRANSPORT LLC,GOODING,ID,83330,1,1,0,20260323
2829657,GURAYA AUTO TRANSPORT LLC,HILLIARD,OH,43026,1,0,1,20260323
3130870,BRANSON TRUCKING LLC,GRAND RONDE,OR,97347,1,0,1,20260323
3105497,SMITH BROTHERS LOGGING INC,BERRY,AL,35546,1,1,0,20260323
3350694,121 DISPOSAL COMPANY LLC,AUBURN,AL,36830,1,1,0,20260323
3741881,LOTHROP COMPANIES INC,MALDEN,MA,02148-1426,1,1,0,20260323
3165445,DIAMOND EQUIPMENT INC,MIDDLEBORO,MA,02346-3744,1,1,0,20260323
1828680,OLDE TOWN FUEL CO INC,GROVELAND,MA,01834,1,0,1,20260323
1333791,RICHELIEU AMERICA LTD,MOUNT CLEMONS,MI,48043,1,1,0,20260323
4090585,OASIS TOWING LLC,BURLINGTON,MA,01803,1,1,0,20260323
446997,NAPA TRANSPORTATION INC,MECHANICSBURG,PA,17055-0959,1,0,1,20260323
285474,CHANG & SONS ENTERPRISES INC,WHATELY,MA,01093,1,1,0,20260323
154907,EVERETT A RUSSELL III,METHUEN,MA,01844,1,1,0,20260323
3446740,WIN WASTE INNOVATIONS OF NORTHERN NEW ENGLAND INC,LONDONDERRY,NH,03053,1,1,0,20260323
1747691,GOLD STAR FOODS INC,ONTARIO,CA,91761,1,0,1,20260323
395161,PRESS GLASS INC,STONEVILLE,NC,27048,1,0,1,20260323
962087,BFI WASTE SERVICES OF PENNSYLVANIA LLC,PHOENIX,AZ,85054,1,1,0,20260323
714097,J AND D TRUCKING INC,VINELAND,NJ,08360,1,1,0,20260323
273818,COVENANT TRANSPORT LLC,CHATTANOOGA,TN,37419,1,1,0,20260323
2491030,AGY LOGISTICS 1 INC,CHESTERTON,IN,46304,1,1,0,20260323
3982068,BCWJ INC,CRETE,IL,60417,1,1,0,20260323
2106946,DOUGLAS A MILLHEIM,HUGHESVILLE,PA,17737,1,0,1,20260323
3830471,SAGGEZZA TRANSPORT SERVICE LLC,HAGERSTOWN,MD,21740,1,0,1,20260323
448255,GANOE PAVING INC,GREENCASTLE,PA,17225,1,0,1,20260323
547497,CLASSIC TRANSPORT INC,ELKHART,IN,46517,1,0,1,20260323
4082794,JESUS EDUARDO REYES GUZMAN,SAN DIEGO,CA,92154,1,0,1,20260323
2566023,SIN SON LOGISTICS INC,SAN DIEGO,CA,92154,1,0,1,20260323
3665667,MIGUEL JIMENEZ NAVARRO,PERRIS,CA,92571,1,0,1,20260323
2864600,QUALITY TANK SA DE CV,CADEREYTA JIM,NL,67483,1,0,1,20260323
2334111,EL EXPRESO GROUP LLC,HOUSTON,TX,77020,1,1,0,20260323
760583,SUPERIOR TRANSPORTATION INC,N CHARLESTON,SC,29406,1,1,0,20260323
3100116,DIVISION EIGHT INC,GREENSBORO,NC,27405-4308,1,1,0,20260323
322521,NORFOLK SOUTHERN RAILWAY COMPANY,ATLANTA,GA,30308,1,0,1,20260323
3965759,DR23 LOGISTIC INC,HIALEAH,FL,33016,1,0,1,20260323
1747790,RANDOLPH TRUCKING LLC,GAFFNEY,SC,29341,1,1,0,20260323
1312675,VISION INTERNATIONAL INC,AURORA,IL,60504,1,0,1,20260323
2839503,AGP TRANSPORT LLC,SHEPHERDSVILLE,KY,40165,1,0,1,20260323
3546650,FAIR AND FAST LOGISTICS INC,OSWEGO,IL,60543,1,1,0,20260323
2840006,FORZA NAFTA SERVICES SA DE CV,NUEVO LAREDO,TA,88284,1,1,0,20260323
344050,WASTE MANAGEMENT OF PENNSYLVANIA INC,GILBERTSVILLE,PA,19525,1,0,1,20260323
599145,SCHMUHL BROTHERS INC,KANSAS CITY,KS,66105,1,0,1,20260323
3495504,4 SEASONS TRANSPORT LLC,DENVER,CO,80249,1,1,0,20260323
2416643,VV LOGISTICS SOLUTIONS INC,MELROSE PARK,IL,60160,1,1,0,20260323
4284493,PEGASUZ TRANSPORTATION LLC,LANCASTER,PA,17602,1,0,1,20260323
3505426,JJ SPEEDY EXPRESS CORPORATION,JAMAICA,NY,11434,1,1,0,20260323
3766949,MADDEN GULF COAST LLC,DENHAM SPRINGS,LA,70726,1,0,1,20260323
4267979,IASKK INC,NEWARK,TX,76071,1,0,1,20260323
766523,MARK LATHAM EXCAVATION INC,BEND,OR,97702,1,1,0,20260323
2912734,SORRENTO LUMBER CO INC,SORRENTO,LA,70778,1,0,1,20260323
2458096,RANDALL WILLIAMS,HEMINGWAY,SC,29554,1,1,0,20260323
273357,MOBILE FOREST PRODUCTS & BIOMASS INC,WHISTLER,AL,36612,1,0,1,20260323
840954,FULTON LOGGING COMPANY LLC,FULTON,AL,36446,1,0,1,20260323
2327764,J HANCOCK TRUCKING LLC,MITCHELL,IN,47446,1,0,1,20260323
1475673,YSIDRO TRUCKING INC,WICHITA,KS,67216,1,1,0,20260323
4195359,BOXHUAL LOGISTICS LLC,BROOKLYN,NY,11224,1,1,0,20260323
3439052,MYTY TRUCKING LLC,GARDEN CITY,KS,67846,1,0,1,20260323
2523942,ALUMINA RAILING AND CUSTOM IRON WORKS INC,CLEVES,OH,45002,1,1,0,20260323
779973,TRANSPORTATION AND CARGO SOLUTIONS S DE RL DE CV,JUAREZ,CI,32701,1,0,1,20260323
706981,ROBERT L GAST INC,COLUMBUS,OH,43220,1,1,0,20260323
4108875,NATHAN TRANSPORTATION LLC,OLATHE,KS,66062,1,0,1,20260323
1717080,THIRD GENERATION ELECTRIC INC,TULSA,OK,74132,1,1,0,20260323
2157737,LAPWIN INC,COLUMBUS,OH,43221,1,1,0,20260323
4117493,WANDERING NOMADS LLC,DENVER,CO,80249,1,1,0,20260323
74481,ROEHL TRANSPORT INC,MARSHFIELD,WI,54449,1,0,1,20260323
2118117,SHADCO LLC,HOME,PA,15747,1,0,1,20260323
